osm,x,y,ghs,ind,wri
industrial,78.18417714443792,17.03327901988217,,,
industrial,78.23549567489029,17.047092795973924,,,
industrial,78.21457012049966,17.082335693629265,,,
industrial,78.19569262910987,16.97164380228423,,,
industrial,78.19226255844853,16.968447303236005,,,
industrial,78.19067299440434,16.973664381305014,,,
industrial,78.19699322443661,16.970092137089058,,,
industrial,78.19131409116972,16.972290901483174,,,
industrial,78.17243075125813,16.972168297092892,,,
industrial,78.17719125528225,16.978070775287627,,,
industrial,78.17018042627204,16.97832134267916,,,
industrial,78.17479169342926,16.977691351088673,,,
industrial,78.17501564018607,16.972226457711102,,,
industrial,78.16991397764464,16.97618843326452,,,
industrial,78.1716539787817,16.97988907916239,,,
industrial,78.24833855383264,17.094269905300514,,,
industrial,78.20464298506914,17.06722448837653,,,
industrial,78.18178258295575,17.21506680583863,,,
industrial,78.19499775332083,17.230881238200734,,,
industrial,78.17560159679674,17.22214882540593,,,
industrial,78.18132679719835,17.215434465669897,,,
industrial,78.20129184838562,17.23715885072746,,,
industrial,78.18688734656399,17.220633810614384,,,
industrial,78.17739194244956,17.21790573781603,,,
industrial,78.19157388216716,17.221552164356048,,,
industrial,78.17612820773192,17.21767951353735,,,
industrial,78.18798200207628,17.237612088549014,,,
industrial,78.18641515504139,17.217690573209342,,,
industrial,78.19355178219891,17.225204330669463,,,
industrial,78.17697751191291,17.2185358250892,,,
industrial,78.18374400857363,17.20588580412294,,,
industrial,78.19000067417198,17.222634923930002,,,
industrial,78.17781180260705,17.225160293587425,,,
industrial,78.17572560238786,17.205774053057727,,,
industrial,78.18261722831859,17.22774788043445,,,
industrial,78.18405819446703,17.211022461629305,,,
industrial,78.18873193825014,17.238259032877004,,,
industrial,78.1726901095444,17.221047104950877,,,
industrial,78.19597903395851,17.224365872536534,,,
industrial,78.18486119490468,17.23180082897347,,,
industrial,78.18447218229873,17.20862030223075,,,
industrial,78.17582717318565,17.22414648100498,,,
industrial,78.17579608370649,17.22723317841882,,,
industrial,78.19476833623287,17.225747043583187,,,
industrial,78.13699098024281,17.197577893931125,,,
industrial,78.24639781268111,17.538172150085153,,,
industrial,78.2472916973147,17.536998281720944,,,
industrial,78.2593033953774,17.52943745837773,,,
industrial,78.25353605182237,17.530766768780076,,,
industrial,78.25242254894549,17.52296207313456,,,
industrial,78.25928210149007,17.521846922673674,,,
industrial,78.2556336828722,17.52862249179715,,,
industrial,78.25602502987033,17.52061311445477,,,
industrial,78.17755227017983,17.532499551597198,,,
industrial,78.16714227223142,17.531712204571253,,,
industrial,78.16872932277529,17.531605982065546,,,
industrial,78.1292556778843,17.51194863910542,,,
industrial,78.1313989573978,17.51291133793911,,,
industrial,78.12602277240643,17.507341516025853,,,
industrial,78.13261445360644,17.509821452657693,,,
industrial,78.12800225033884,17.512933342111875,,,
industrial,78.12974631124818,17.503113421961864,,,
industrial,78.17720907905507,17.55585624403594,,,
industrial,78.18346395059072,17.549846992145696,,,
industrial,78.17963813206677,17.54276645208957,,,
industrial,78.1828608959974,17.540520441805697,,,
industrial,78.1869241965725,17.537620495553977,,,
industrial,78.17948281114819,17.53630159460615,,,
industrial,78.18292267405783,17.54305998701905,,,
industrial,78.18809477514564,17.536210999855005,,,
industrial,78.15073668531814,17.475045768970123,,,
industrial,78.15506770095988,17.470216802562884,,,
industrial,78.15803456314015,17.48231436921751,,,
industrial,78.15331787341198,17.468762156997535,,,
industrial,78.15264559157461,17.46959017543637,,,
industrial,78.1586669564131,17.47391234481461,,,
industrial,78.15899479572379,17.480629708392478,,,
industrial,78.1477555284055,17.470236980251673,,,
industrial,78.15619245981915,17.471407045013837,,,
industrial,78.15576590521273,17.481060355621068,,,
industrial,78.14790145675944,17.47810575732222,,,
industrial,78.1502270806669,17.58678932090252,,,
industrial,78.16030839573997,17.5849762603541,,,
industrial,78.16495638834816,17.534082652151326,,,
industrial,78.17072519952102,17.537891592241067,,,
industrial,78.07360671093828,17.591371938706864,,,
industrial,78.22441962886506,17.460665028836175,,,
industrial,78.22268511198571,17.462081676442114,,,
industrial,78.21697329062157,17.461420151971137,,,
industrial,78.1193988267493,17.64409852221913,,,
industrial,78.20670137109386,17.46562610089842,,,
industrial,78.0841490646807,17.614485610732434,,,
industrial,78.20561868461772,17.687179399913564,,,
industrial,78.17735586286852,17.670841933497773,,,
industrial,78.1755305519638,17.674773132339446,,,
industrial,78.28881121813127,17.13584521485364,,,
industrial,78.46834262818784,17.16898865198504,,,
industrial,78.46979297351555,17.171541569001256,,,
industrial,78.47349563375776,17.1700307736423,,,
industrial,78.47310168745766,17.17057250754171,,,
industrial,78.47297139530437,17.17097604795773,,,
industrial,78.46931888204097,17.170964748385167,,,
industrial,78.47452694975048,17.167144538189717,,,
industrial,78.41605842958057,17.131327436046607,,,
industrial,78.4650693333251,17.16194712445904,,,
industrial,78.4630544461001,17.163011442956208,,,
industrial,78.46827791145742,17.16653185963659,,,
industrial,78.46460260223655,17.166180771223257,,,
industrial,78.41563278124472,17.134528952229388,,,
industrial,78.46179144721641,17.23552206220732,,,
industrial,78.43187735630993,17.308767156307308,23.0,1.0,1.0
industrial,78.4337128341717,17.312332051839686,3.0,2.0,0.0
industrial,78.43175085745082,17.31254852325918,2.0,1.0,1.0
industrial,78.42787131517268,17.308771902713836,1.0,1.0,3.0
industrial,78.44199656075504,17.314648170698252,3.0,1.0,1.0
industrial,78.42685651125657,17.3021974074237,0.0,2.0,0.0
industrial,78.42595139104745,17.304532333318033,13.0,1.0,1.0
industrial,78.42438610694042,17.303250568624566,23.0,1.0,1.0
industrial,78.46593070958355,17.409951514072283,3.0,1.0,1.0
industrial,78.50032208814102,17.40424960368542,3.0,1.0,1.0
industrial,78.48492868718247,17.41493148523446,2.0,1.0,1.0
industrial,78.50084379866264,17.40475783176876,24.0,1.0,1.0
industrial,78.40242595218024,17.405283902644165,14.0,2.0,1.0
industrial,78.44915180168029,17.236247176792656,,,
industrial,78.46210649922126,17.26699758788327,3.0,1.0,0.0
industrial,78.45833738825053,17.265663307204754,0.0,0.0,0.0
industrial,78.46612611192914,17.265546178822603,0.0,0.0,0.0
industrial,78.45884178287723,17.26207686899787,0.0,0.0,0.0
industrial,78.4735232370599,17.260085326365235,23.0,1.0,1.0
industrial,78.47461347882964,17.26110439313579,13.0,1.0,1.0
industrial,78.47412892326722,17.25815478398307,3.0,1.0,1.0
industrial,78.4744457299225,17.25647283512372,0.0,0.0,0.0
industrial,78.37002778376147,17.29648210877951,2.0,2.0,1.0
industrial,78.37015151720833,17.297609775921863,11.0,2.0,1.0
industrial,78.36530871258003,17.294671249161045,21.0,1.0,1.0
industrial,78.45104650777535,17.236214877151873,,,
industrial,78.46235409524851,17.24018892525101,,,
industrial,78.47958594980052,17.243777490643023,,,
industrial,78.48178601631732,17.24224637078775,,,
industrial,78.49916003332498,17.201919061412223,,,
industrial,78.49742439492096,17.190584280245464,,,
industrial,78.39470464927946,17.238518449987748,,,
industrial,78.39297559362342,17.228863444829386,,,
industrial,78.39608551617647,17.227324627529793,,,
industrial,78.39042718474647,17.217172777853715,,,
industrial,78.39404485484103,17.230224520698567,,,
industrial,78.38903235450218,17.23483588007568,,,
industrial,78.45924949671166,17.35935586717146,2.0,2.0,3.0
industrial,78.33883579915589,17.40411732030183,22.0,1.0,1.0
industrial,78.44945735132237,17.239813086226725,,,
industrial,78.46084424437997,17.23439983260052,,,
industrial,78.45522978331547,17.239589896355838,,,
industrial,78.45761051974748,17.241325290478724,,,
industrial,78.45860130241489,17.241722454414877,,,
industrial,78.45811836104463,17.238474311591204,,,
industrial,78.45087585218869,17.23874783823378,,,
industrial,78.4448391462587,17.235309371785917,,,
industrial,78.42040232786454,17.200359716823048,,,
industrial,78.40468954836203,17.204315444911984,,,
industrial,78.47947275130292,17.239017468221395,,,
industrial,78.4746431179076,17.2392205498503,,,
industrial,78.47612361219771,17.242453141936476,,,
industrial,78.49825348202204,17.201763909406477,,,
industrial,78.4980846407971,17.198890078637714,,,
industrial,78.49491554408364,17.20089843578308,,,
industrial,78.50002777387336,17.233687624074683,,,
industrial,78.47471175246123,17.25193142570068,2.0,2.0,1.0
industrial,78.47272825943692,17.24826272766361,,,
industrial,78.46054470657305,17.25749646378795,0.0,0.0,0.0
industrial,78.45993073199519,17.257352813966218,0.0,0.0,0.0
industrial,78.46071810249643,17.258278210560597,0.0,0.0,0.0
industrial,78.46864556782089,17.259381103445843,0.0,0.0,0.0
industrial,78.46534883550578,17.259618814878184,0.0,0.0,0.0
industrial,78.46113643683015,17.26049854141902,2.0,2.0,1.0
industrial,78.41152537185569,17.293919475710382,13.0,2.0,1.0
industrial,78.40976488955528,17.295860388301243,0.0,2.0,0.0
industrial,78.41591429369994,17.299101987758505,13.0,2.0,1.0
industrial,78.41223279196294,17.300433329190803,0.0,2.0,0.0
industrial,78.50100799466863,17.391799053711722,1.0,1.0,1.0
industrial,78.46679956433537,17.336728590833804,1.0,2.0,1.0
industrial,78.4696072315426,17.328391324844564,1.0,2.0,1.0
industrial,78.44103557404584,17.392217627935743,13.0,2.0,1.0
industrial,78.40854399014546,17.334955332707914,1.0,2.0,0.0
industrial,78.3980925577821,17.528843387147425,,,
industrial,78.43543617615248,17.459401749748448,1.0,1.0,1.0
industrial,78.4221432159972,17.467380916255756,24.0,1.0,4.0
industrial,78.42053107058304,17.466011702397807,24.0,1.0,1.0
industrial,78.43400987059235,17.477165064788437,0.0,0.0,0.0
industrial,78.4321805740372,17.47436336033639,12.0,0.0,1.0
industrial,78.43262666616965,17.47781238823628,0.0,0.0,0.0
industrial,78.27720172019727,17.533948258575727,,,
industrial,78.28777728206502,17.490355730627975,24.0,1.0,1.0
industrial,78.29040130820825,17.50151956716195,0.0,0.0,0.0
industrial,78.28287545696601,17.499742861584206,0.0,0.0,0.0
industrial,78.2844315408308,17.49703446652649,13.0,2.0,0.0
industrial,78.28487992822592,17.487626730118404,2.0,1.0,0.0
industrial,78.28481963916286,17.48416760827956,3.0,0.0,1.0
industrial,78.2829127426707,17.495033280898895,12.0,1.0,0.0
industrial,78.28559993420237,17.49570143171705,24.0,1.0,1.0
industrial,78.2475192294351,17.53830729838155,,,
industrial,78.24316424531106,17.53791499494885,,,
industrial,78.43087477262127,17.45974589592677,1.0,1.0,1.0
industrial,78.46483875833137,17.56781055737256,,,
industrial,78.46156848200884,17.56855738646002,,,
industrial,78.46970348108641,17.59353059097081,,,
industrial,78.46887778763387,17.59163068775254,,,
industrial,78.48035751300904,17.581367089212918,,,
industrial,78.473134250312,17.58147131785039,,,
industrial,78.46731677053543,17.591716574294587,,,
industrial,78.50660292453176,17.56615726425972,,,
industrial,78.48198066273602,17.594121207593805,,,
industrial,78.48885458840766,17.58838690604504,,,
industrial,78.50244939893336,17.574576116847197,,,
industrial,78.48402060422048,17.581461025488316,,,
industrial,78.48318810865527,17.596643754366994,,,
industrial,78.48422111478378,17.588722405529623,,,
industrial,78.48944665251301,17.58436623311446,,,
industrial,78.49850894402375,17.586980898448804,,,
industrial,78.49831130962103,17.59226498341132,,,
industrial,78.49891615858766,17.57088843050405,,,
industrial,78.48456749577397,17.58731742524395,,,
industrial,78.51257723306716,17.572641519923394,,,
industrial,78.47965099088572,17.59815797201012,,,
industrial,78.50685474971164,17.57989215011797,,,
industrial,78.49829971844063,17.5753624983471,,,
industrial,78.50022673352937,17.57363730108199,,,
industrial,78.4960446487366,17.573665525448096,,,
industrial,78.49430456445212,17.582178203770923,,,
industrial,78.50271373480206,17.569835251571998,,,
industrial,78.48063872759664,17.596471982362583,,,
industrial,78.49048469259323,17.585341193344128,,,
industrial,78.50265711326813,17.580868729895037,,,
industrial,78.50506842989908,17.571139815916382,,,
industrial,78.50826888631036,17.570790742451464,,,
industrial,78.50470875603165,17.564096813770274,,,
industrial,78.50826774219514,17.5662167041135,,,
industrial,78.50148511811679,17.570451004312602,,,
industrial,78.49600338107325,17.571275559517698,,,
industrial,78.50114480895027,17.56879606218921,,,
industrial,78.50140967881191,17.580878583502297,,,
industrial,78.36029687817067,17.511171690009945,3.0,1.0,4.0
industrial,78.48563937599462,17.41974876720444,3.0,1.0,0.0
industrial,78.2597578430357,17.52967626187296,,,
industrial,78.25951014543492,17.529851298965312,,,
industrial,78.24778256186849,17.526280539065954,,,
industrial,78.25238839786665,17.522210293570577,,,
industrial,78.25610279130126,17.525883755455613,,,
industrial,78.25822644357504,17.52866286051957,,,
industrial,78.26331285005179,17.52584791527426,,,
industrial,78.27193108578408,17.523787048432283,,,
industrial,78.33710271318215,17.550103795309436,,,
industrial,78.34645488488421,17.545423038940502,,,
industrial,78.33563421144503,17.5434329172317,,,
industrial,78.33982550189292,17.550197332241435,,,
industrial,78.33044228708597,17.546448917811972,,,
industrial,78.3487006952593,17.549502507346133,,,
industrial,78.35483325394684,17.535423649935588,,,
industrial,78.3451552448379,17.55134747693295,,,
industrial,78.33830185925177,17.544357396185333,,,
industrial,78.35676527981067,17.536070593962155,,,
industrial,78.33427283616656,17.550307070405964,,,
industrial,78.33523989474573,17.54491605977627,,,
industrial,78.34081501833191,17.54608288987159,,,
industrial,78.33729152382796,17.549028050653654,,,
industrial,78.34458152537134,17.54339763185422,,,
industrial,78.34957147923006,17.540261129017008,,,
industrial,78.35020816201182,17.541880601448288,,,
industrial,78.34959389787488,17.52499396586677,,,
industrial,78.45186084683026,17.508461635754372,3.0,0.0,0.0
industrial,78.44913581224439,17.507473406048266,3.0,0.0,0.0
industrial,78.43500409595842,17.532098438375908,,,
industrial,78.44902900270684,17.512541019826205,23.0,1.0,1.0
industrial,78.45229433126758,17.53114170136511,,,
industrial,78.45437376496032,17.508599340195133,2.0,1.0,1.0
industrial,78.43964803794005,17.53260168482943,,,
industrial,78.45301924797052,17.530488348295062,,,
industrial,78.45664222467944,17.516244190185827,1.0,1.0,4.0
industrial,78.45444731442022,17.5154259872712,2.0,1.0,1.0
industrial,78.43907113787377,17.52440843518894,,,
industrial,78.45118517169189,17.5188927903421,,,
industrial,78.44087204639467,17.52626767751035,,,
industrial,78.45287434585515,17.528573564908015,,,
industrial,78.43789344504037,17.532875152021738,,,
industrial,78.4358533072734,17.524064720636662,,,
industrial,78.45445740013773,17.5304172487175,,,
industrial,78.45933758397743,17.531696187474452,,,
industrial,78.45231020249786,17.59741051741795,,,
industrial,78.4086893715695,17.634891688942,,,
industrial,78.37614798261286,17.55122156540722,,,
industrial,78.37664058478703,17.549478143185365,,,
industrial,78.28628248853977,17.523987810845032,,,
industrial,78.28174579642007,17.519857189435136,,,
industrial,78.44378972711762,17.475834417046997,3.0,1.0,0.0
industrial,78.44575138600864,17.471159173416186,13.0,1.0,1.0
industrial,78.44673953760714,17.47277049043288,23.0,1.0,1.0
industrial,78.451227522749,17.47322694775461,23.0,1.0,1.0
industrial,78.35495675377322,17.489711860302027,13.0,1.0,1.0
industrial,78.32995643651894,17.467032274880534,12.0,2.0,1.0
industrial,78.32304262022313,17.572848596368527,,,
industrial,78.42954378139136,17.575778097987477,,,
industrial,78.43285692149078,17.577041644354217,,,
industrial,78.33125212560618,17.422508173464532,1.0,2.0,1.0
industrial,78.33030440388868,17.42324074891042,13.0,2.0,1.0
industrial,78.39793365646071,17.473628813242794,3.0,0.0,0.0
industrial,78.40513559908163,17.47390581144361,3.0,0.0,0.0
industrial,78.40470406806453,17.48016280195726,3.0,0.0,0.0
industrial,78.40388876586175,17.471304535911585,3.0,0.0,0.0
industrial,78.40439702800418,17.47957598603367,3.0,0.0,0.0
industrial,78.39734883608367,17.480093445331704,3.0,0.0,0.0
industrial,78.4020924157811,17.47364293785503,3.0,0.0,0.0
industrial,78.40190121055079,17.471057482687772,3.0,0.0,0.0
industrial,78.39670242557531,17.482861349287656,3.0,0.0,0.0
industrial,78.40339603371915,17.477043496593293,3.0,0.0,0.0
industrial,78.41218249220843,17.4732421748226,2.0,0.0,0.0
industrial,78.27494323397083,17.543731781367814,,,
industrial,78.38729201840091,17.435865531777324,14.0,2.0,1.0
industrial,78.29031933047925,17.519394469515394,,,
industrial,78.28820475046662,17.517920010507027,,,
industrial,78.4979219200407,17.447048816805307,13.0,1.0,1.0
industrial,78.4398677841545,17.528022363613676,,,
industrial,78.42627583447897,17.47318736772357,1.0,2.0,1.0
industrial,78.48713307335635,17.633500409350226,,,
industrial,78.36008980618388,17.51227666273999,1.0,1.0,4.0
industrial,78.36049706394132,17.51356787080107,13.0,2.0,1.0
industrial,78.49926109540502,17.447644579972287,1.0,1.0,1.0
industrial,78.48584049932657,17.432510383342805,13.0,1.0,1.0
industrial,78.48702093119873,17.432259578393495,1.0,1.0,1.0
industrial,78.47121008529012,17.741568029189306,,,
industrial,78.49883014992365,17.720432249371953,,,
industrial,78.49988180024019,17.708701579377518,,,
industrial,78.49366721205782,17.72810314064343,,,
industrial,78.47731989676063,17.735148339350463,,,
industrial,78.4811942288395,17.727542552655898,,,
industrial,78.47565603239975,17.734213990559883,,,
industrial,78.484313866704,17.727975172918722,,,
industrial,78.47704289095572,17.72157658991058,,,
industrial,78.492390545511,17.72883798605411,,,
industrial,78.49165331837594,17.72730948395468,,,
industrial,78.47672027579726,17.72182509962565,,,
industrial,78.49053264050909,17.726847922623296,,,
industrial,78.48409236920396,17.726647861887688,,,
industrial,78.48033296399747,17.730803018576193,,,
industrial,78.48890535388905,17.727467371713196,,,
industrial,78.4824227232759,17.735670801170247,,,
industrial,78.477212558667,17.744328455605974,,,
industrial,78.48457091186168,17.740609295388087,,,
industrial,78.48653749246841,17.740948584160645,,,
industrial,78.43330462404255,17.80477060060552,,,
industrial,78.28667998573843,17.735817644714913,,,
industrial,78.67083323633737,17.10854006229122,,,
industrial,78.51011457547983,17.020347375023128,,,
industrial,78.53854310802829,17.053375541291405,,,
industrial,78.58860803228244,17.404636304949666,2.0,1.0,1.0
industrial,78.49961771674461,17.404799520663353,24.0,1.0,1.0
industrial,78.53391687349522,17.34697609937482,13.0,1.0,4.0
industrial,78.5487485424697,17.389131627149315,23.0,1.0,4.0
industrial,78.54861192057986,17.400787447900566,1.0,1.0,1.0
industrial,78.5507621399608,17.396592359603073,23.0,1.0,1.0
industrial,78.54570465208302,17.39428075482505,23.0,1.0,1.0
industrial,78.54783953182397,17.3945973809408,13.0,1.0,4.0
industrial,78.50256090987185,17.40513422061554,23.0,1.0,1.0
industrial,78.49835202779916,17.404429904173913,14.0,1.0,1.0
industrial,78.66567518281332,17.32261045809294,,,
industrial,78.68943539231206,17.33574456541193,,,
industrial,78.68929377789505,17.33847797076778,,,
industrial,78.51508064205657,17.33415881987863,2.0,1.0,1.0
industrial,78.51039924036311,17.33601449211733,2.0,1.0,1.0
industrial,78.50564329548226,17.406080568084725,23.0,1.0,1.0
industrial,78.67403926462168,17.27076722251019,,,
industrial,78.66932319589267,17.265121578893954,,,
industrial,78.68005873382947,17.265892343513652,,,
industrial,78.67731750207786,17.267099538498222,,,
industrial,78.74505905144709,17.2930268067677,,,
industrial,78.74587724500746,17.29305714671908,,,
industrial,78.50721299327569,17.192056548850278,,,
industrial,78.50100538457922,17.201473154180146,,,
industrial,78.5047159896239,17.206255545803764,,,
industrial,78.54718519819629,17.389304927919305,1.0,1.0,1.0
industrial,78.54863034371587,17.388306846710336,13.0,1.0,1.0
industrial,78.55414265992243,17.394826141297788,23.0,1.0,1.0
industrial,78.64095846225537,17.225025080577353,,,
industrial,78.60138051986145,17.26441766156686,2.0,2.0,1.0
industrial,78.59571908421745,17.230108095123533,,,
industrial,78.5087704088203,17.209282856924236,,,
industrial,78.5029838931867,17.20795270397381,,,
industrial,78.53143718446057,17.18563112682342,,,
industrial,78.53350631132862,17.186112608143873,,,
industrial,78.53035502910035,17.190574457552046,,,
industrial,78.53306192493683,17.1914359112107,,,
industrial,78.50443923927591,17.1911453912844,,,
industrial,78.51103303933209,17.191169186633783,,,
industrial,78.50286797679261,17.18789383141358,,,
industrial,78.5068664990562,17.197868049494875,,,
industrial,78.49754525232622,17.19908890857171,,,
industrial,78.5002293646102,17.197998205037603,,,
industrial,78.50190243458395,17.232699100961913,,,
industrial,78.5887492846394,17.36544946637313,1.0,2.0,1.0
industrial,78.5014358186165,17.392066325062437,13.0,1.0,1.0
industrial,78.59348182907178,17.32605843243722,1.0,2.0,1.0
industrial,78.59406486999329,17.325264799169332,1.0,2.0,1.0
industrial,78.64895433984435,17.186579463412986,,,
industrial,78.50544542306858,17.339836934681173,1.0,2.0,1.0
industrial,78.50376271801437,17.408081724435817,23.0,1.0,1.0
industrial,78.5031103474525,17.40721887711826,2.0,1.0,1.0
industrial,78.50227543716043,17.407891595145223,23.0,1.0,1.0
industrial,78.58976146047637,17.404266247818953,2.0,1.0,1.0
industrial,78.52532591730558,17.36978874861667,24.0,2.0,4.0
industrial,78.5256741237766,17.370993980704398,13.0,2.0,4.0
industrial,78.62344348198548,17.66524641363862,,,
industrial,78.62453594828716,17.668185115308024,,,
industrial,78.62231478933195,17.667266726380355,,,
industrial,78.62106376832175,17.663378988212664,,,
industrial,78.61514528939244,17.66099817266047,,,
industrial,78.62178270335342,17.671030064481165,,,
industrial,78.61906985389972,17.661752400770848,,,
industrial,78.62229918597481,17.6542919705715,,,
industrial,78.62088342967249,17.669053133733353,,,
industrial,78.62151599482235,17.657747079589093,,,
industrial,78.62596628937935,17.66304942229803,,,
industrial,78.62263764940569,17.662023775492706,,,
industrial,78.62676428665478,17.664270987043217,,,
industrial,78.6223372961691,17.657986285411436,,,
industrial,78.61207321325116,17.668139222161674,,,
industrial,78.62496293289763,17.658796842221143,,,
industrial,78.62342798793239,17.66938432979255,,,
industrial,78.61540175015084,17.660914006006426,,,
industrial,78.60983534849964,17.670439846061118,,,
industrial,78.5397015630088,17.432050649978304,13.0,1.0,4.0
industrial,78.49681147447254,17.579860730948464,,,
industrial,78.48198098942156,17.598177312395443,,,
industrial,78.50220324438926,17.58056082860158,,,
industrial,78.50789798571745,17.56913703766564,,,
industrial,78.51002256601622,17.561642193481905,,,
industrial,78.49513061346026,17.57129896636527,,,
industrial,78.50530656595751,17.559655181756423,,,
industrial,78.50335003655793,17.561477550830777,,,
industrial,78.48564379262159,17.584965297201304,,,
industrial,78.48819882296421,17.579026045504843,,,
industrial,78.49617454551141,17.578518852209324,,,
industrial,78.50283543828851,17.566292677327933,,,
industrial,78.48615354728287,17.586474042623465,,,
industrial,78.4799394403484,17.600753101477803,,,
industrial,78.50654987991348,17.5654635963855,,,
industrial,78.49710622867332,17.5785293148485,,,
industrial,78.49960657605493,17.564536925125953,,,
industrial,78.48574246706215,17.584065471289854,,,
industrial,78.50018401682378,17.55960642083902,,,
industrial,78.49499985155843,17.587513192402735,,,
industrial,78.49678020713178,17.56916715785958,,,
industrial,78.500539441267,17.572338760425144,,,
industrial,78.49881486289084,17.575121107208414,,,
industrial,78.5046086195858,17.56782508347757,,,
industrial,78.48607144808746,17.58155810198652,,,
industrial,78.48191306378251,17.58506789205541,,,
industrial,78.49948182500228,17.590700974559613,,,
industrial,78.50087505106694,17.573094032986504,,,
industrial,78.50344358776817,17.557696319465617,,,
industrial,78.49741452708714,17.568369467118693,,,
industrial,78.49971251581675,17.56219267105965,,,
industrial,78.59125662700515,17.470886665279362,3.0,1.0,1.0
industrial,78.56047612809418,17.425122093137098,3.0,1.0,0.0
industrial,78.58028132944641,17.439117930180192,3.0,1.0,0.0
industrial,78.56117374639234,17.437711256212804,3.0,1.0,1.0
industrial,78.56415527597665,17.437952530098386,13.0,1.0,1.0
industrial,78.56583261999295,17.435954552286383,23.0,1.0,1.0
industrial,78.56441957263746,17.43991099082956,1.0,1.0,1.0
industrial,78.575053257012,17.43571267423418,2.0,1.0,1.0
industrial,78.56300017657667,17.425268549157405,14.0,1.0,1.0
industrial,78.57420788416894,17.43519488036578,2.0,1.0,1.0
industrial,78.56248676343806,17.425290228965878,2.0,1.0,1.0
industrial,78.56156822548199,17.429753101163875,13.0,1.0,1.0
industrial,78.55382856465882,17.434615170604896,24.0,1.0,1.0
industrial,78.55968233617445,17.441277295294064,0.0,1.0,0.0
industrial,78.56077588906054,17.443592095522337,2.0,1.0,1.0
industrial,78.55679493434121,17.455263617022414,13.0,1.0,1.0
industrial,78.55968726063789,17.453759896490517,0.0,0.0,0.0
industrial,78.55667194717307,17.456003295971076,0.0,1.0,1.0
industrial,78.55512019667964,17.449544345313214,0.0,0.0,0.0
industrial,78.55939354717877,17.45583228729489,3.0,2.0,0.0
industrial,78.55085741232173,17.450868727751512,0.0,0.0,0.0
industrial,78.55771434194948,17.456104737316576,1.0,1.0,1.0
industrial,78.55741631450363,17.45113339090638,13.0,1.0,1.0
industrial,78.55816044859091,17.455344604876156,0.0,1.0,0.0
industrial,78.60318984078457,17.46484119035252,,,
industrial,78.59199965212345,17.467701799524715,1.0,1.0,1.0
industrial,78.59974861388251,17.475441654340486,1.0,1.0,1.0
industrial,78.59773197143465,17.47326800159988,1.0,1.0,1.0
industrial,78.59574791318869,17.45526477750676,23.0,1.0,1.0
industrial,78.5935795213176,17.45496488575953,0.0,1.0,0.0
industrial,78.57192760858145,17.458334505293973,0.0,0.0,0.0
industrial,78.57914937024897,17.45330148888218,13.0,1.0,1.0
industrial,78.57395030715709,17.459368527293698,0.0,2.0,1.0
industrial,78.57204257960635,17.455235064006406,0.0,0.0,0.0
industrial,78.60826196273571,17.463716514548405,,,
industrial,78.58446647687924,17.462168876858613,13.0,1.0,1.0
industrial,78.59249278687696,17.46020106030333,13.0,1.0,3.0
industrial,78.59101882149014,17.465220457186884,2.0,1.0,3.0
industrial,78.59511097574729,17.470378380494456,0.0,1.0,1.0
industrial,78.60186119116888,17.465707119902152,2.0,1.0,1.0
industrial,78.60547004687443,17.47181605173999,,,
industrial,78.60399714425785,17.4711858947833,,,
industrial,78.60605274970256,17.464020816968613,,,
industrial,78.58427868509406,17.456233729202584,0.0,0.0,0.0
industrial,78.60008845002267,17.464108352604427,23.0,1.0,1.0
industrial,78.60638623669358,17.47201432161844,,,
industrial,78.59928639461808,17.469771637310185,23.0,1.0,1.0
industrial,78.61049056986953,17.450495870438186,,,
industrial,78.60218199389868,17.45246954318497,14.0,1.0,4.0
industrial,78.71963164178256,17.476577062873215,,,
industrial,78.72152373143886,17.47519445822013,,,
industrial,78.60137668749755,17.453328450546714,2.0,1.0,1.0
industrial,78.71317356094593,17.46097862973859,,,
industrial,78.71473293711819,17.460902480258635,,,
industrial,78.6166121171366,17.448168933129022,,,
industrial,78.61708657477054,17.455257080994482,,,
industrial,78.6126891980032,17.461402614767373,,,
industrial,78.61493063043505,17.455324246922746,,,
industrial,78.66178315855346,17.447337622783166,,,
industrial,78.6100493211384,17.462173068937158,,,
industrial,78.61793246883629,17.462347678490296,,,
industrial,78.61316086144784,17.455610275097182,,,
industrial,78.61256742753554,17.447374699424735,,,
industrial,78.67732084115805,17.451144401966832,,,
industrial,78.53709144964756,17.448212709920256,24.0,1.0,1.0
industrial,78.56207310489229,17.42349647106965,13.0,1.0,1.0
industrial,78.5526117659645,17.440414061557544,23.0,1.0,1.0
industrial,78.68973240312395,17.641994429856528,,,
industrial,78.62455134988751,17.439366419144072,,,
industrial,78.54628031177354,17.655924610785817,,,
industrial,78.60934664217883,17.492807889450464,,,
industrial,78.58891105627417,17.51923279145765,,,
industrial,78.6105453637927,17.41898314062187,,,
industrial,78.53519167959193,17.545855329428676,,,
industrial,78.56610371482388,17.467855973359136,2.0,2.0,1.0
industrial,78.62756194477859,17.666460852730008,,,
industrial,78.61290627270257,17.670588920966203,,,
industrial,78.62568064396665,17.65634632880581,,,
industrial,78.62446068188831,17.661617841536405,,,
industrial,78.60966892655583,17.667817071598115,,,
industrial,78.62155646250744,17.66742438779276,,,
industrial,78.6250340936525,17.662908287845344,,,
industrial,78.60339840960107,17.668747905097742,,,
industrial,78.62506427385783,17.66902081364321,,,
industrial,78.61276811081697,17.670919564623077,,,
industrial,78.6278828640818,17.667014069860254,,,
industrial,78.61301770739306,17.66865038655674,,,
industrial,78.60298961359334,17.66206732422586,,,
industrial,78.60786406119009,17.66443397424664,,,
industrial,78.60481924864877,17.67038727114775,,,
industrial,78.61845245564858,17.65496799902589,,,
industrial,78.61903280819905,17.667296243122767,,,
industrial,78.61684125310272,17.671682197554418,,,
industrial,78.61650324047463,17.670327135208623,,,
industrial,78.50878274544384,17.75273212423966,,,
industrial,78.49871956023308,17.71961522660512,,,
industrial,78.5966886588711,17.750349163043683,,,
industrial,78.59110431763065,17.76862783095333,,,
industrial,78.59628053878781,17.76142112164222,,,
industrial,78.54721055094404,17.712838007942707,,,
industrial,78.79181549829168,17.282417495921734,,,
industrial,78.7533343623209,17.290131346976032,,,
industrial,78.75623969268979,17.293961253028765,,,
industrial,78.81071255896093,17.28271055582103,,,
industrial,78.81939364951218,17.291032495155072,,,
industrial,78.96152695346777,17.229181678718668,,,
industrial,78.92357369008126,17.243202679855475,,,
industrial,78.9151394934195,17.243315209806383,,,
industrial,78.9303761605776,17.229668512244814,,,
industrial,78.92564130642808,17.23380295172674,,,
industrial,78.92504360086365,17.230627478449033,,,
industrial,78.93077612063612,17.234542989160975,,,
industrial,78.77458537051417,17.261436313587662,,,
industrial,78.77837677911036,17.26690424669325,,,
industrial,78.78577859882174,17.26191371070586,,,
industrial,78.784201384092,17.262239723089923,,,
industrial,78.78469720138807,17.258822201434505,,,
industrial,78.7815929563705,17.26000180270318,,,
industrial,78.78328664166193,17.261720919080112,,,
industrial,78.7745255114904,17.260387554077205,,,
industrial,78.78827158572798,17.27427525624789,,,
industrial,78.7973960978206,17.288450039113634,,,
industrial,78.8024583442575,17.474515321760418,,,
industrial,78.82258375684508,17.42860043835738,,,
industrial,78.82894019638482,17.463564454194422,,,
commercial,78.21088120966087,17.067192006827142,,,
commercial,78.18374633948996,17.46601614204324,,,
commercial,78.46480046001349,17.40495450956183,1.0,2.0,4.0
commercial,78.4667761075573,17.403160412142405,24.0,1.0,1.0
commercial,78.46687629733104,17.406584447350916,14.0,1.0,1.0
commercial,78.34716773929765,17.418751361902615,1.0,2.0,1.0
commercial,78.47367022205275,17.40770699393105,25.0,1.0,1.0
commercial,78.48145114752653,17.366955222228107,14.0,1.0,1.0
commercial,78.47610101816389,17.369532081631796,1.0,1.0,1.0
commercial,78.47676421099996,17.370026265003002,1.0,1.0,4.0
commercial,78.47000853153061,17.374816763658234,24.0,1.0,1.0
commercial,78.45021978016331,17.404964410222917,2.0,1.0,4.0
commercial,78.40331331567462,17.4056340117389,14.0,2.0,1.0
commercial,78.33979866987093,17.222097580546894,,,
commercial,78.47031176338415,17.407468526704854,14.0,2.0,1.0
commercial,78.46541989218281,17.407040210937506,1.0,2.0,1.0
commercial,78.47770538472783,17.406733071739275,1.0,1.0,1.0
commercial,78.46248470325521,17.40778177636792,14.0,1.0,1.0
commercial,78.46314374010343,17.407373544510776,14.0,1.0,1.0
commercial,78.4637254492996,17.40697904776917,24.0,1.0,1.0
commercial,78.4657149456467,17.407418588470655,2.0,2.0,4.0
commercial,78.39504368982969,17.414265061499062,13.0,2.0,1.0
commercial,78.40283913633431,17.411568983908534,14.0,1.0,4.0
commercial,78.47655619924335,17.388142096503476,5.0,2.0,1.0
commercial,78.41075245538163,17.41596989918493,24.0,1.0,4.0
commercial,78.46585403814076,17.40152272757533,3.0,1.0,1.0
commercial,78.46667718260058,17.401379021887998,24.0,1.0,4.0
commercial,78.33352815345842,17.40374324391375,12.0,1.0,1.0
commercial,78.3326090837306,17.403889156884606,12.0,1.0,1.0
commercial,78.4270365393375,17.336079537587242,23.0,1.0,1.0
commercial,78.396050711807,17.41488057737531,13.0,2.0,1.0
commercial,78.32365835026376,17.34224952158794,,,
commercial,78.33905040958145,17.41576200759562,13.0,2.0,1.0
commercial,78.34486738849711,17.416380905288932,1.0,2.0,1.0
commercial,78.34385608651655,17.415610058243328,2.0,2.0,1.0
commercial,78.32972689400525,17.41350591797262,0.0,2.0,4.0
commercial,78.4726478513639,17.362595539726485,14.0,2.0,2.0
commercial,78.47399706977542,17.362533975605825,14.0,2.0,4.0
commercial,78.32950566830004,17.385358509141522,3.0,2.0,1.0
commercial,78.33857422220967,17.400482414656476,4.0,2.0,0.0
commercial,78.35354330525722,17.413394244826932,0.0,2.0,0.0
commercial,78.35468452540269,17.41585944786222,0.0,2.0,1.0
commercial,78.3550108692401,17.416650252471836,1.0,2.0,1.0
commercial,78.3548358727718,17.415281195086347,1.0,2.0,1.0
commercial,78.3341617748602,17.401548230508894,2.0,0.0,1.0
commercial,78.33346541690477,17.401725999354298,0.0,0.0,0.0
commercial,78.33493105617403,17.40273566611673,0.0,0.0,0.0
commercial,78.33523658889213,17.399934170618657,0.0,2.0,0.0
commercial,78.35126033817447,17.399598453133788,1.0,2.0,1.0
commercial,78.35277447552596,17.408994921911887,2.0,2.0,1.0
commercial,78.47342619918405,17.354129507296804,14.0,2.0,4.0
commercial,78.46979710349277,17.385036495316655,13.0,2.0,1.0
commercial,78.47155233816783,17.38489861614733,1.0,2.0,1.0
commercial,78.32178280068649,17.4024154831796,1.0,2.0,0.0
commercial,78.44018279769624,17.407670122460743,14.0,2.0,4.0
commercial,78.3681920372178,17.41221787345448,13.0,2.0,1.0
commercial,78.37471875333875,17.416681288985497,0.0,2.0,0.0
commercial,78.38666746288492,17.50028728581692,2.0,2.0,1.0
commercial,78.37316121106628,17.43109737143958,1.0,2.0,1.0
commercial,78.39058110452576,17.499158690701307,14.0,2.0,1.0
commercial,78.37404163898036,17.457931761812958,3.0,2.0,1.0
commercial,78.38552473699667,17.435302369912403,15.0,2.0,1.0
commercial,78.38517295916111,17.434657287291923,1.0,2.0,1.0
commercial,78.38495655175147,17.434661622381928,25.0,2.0,1.0
commercial,78.37584473327138,17.446811917225407,24.0,2.0,1.0
commercial,78.37773366075812,17.442439555430923,25.0,2.0,1.0
commercial,78.38046932012274,17.450169560070545,1.0,1.0,1.0
commercial,78.38178019139917,17.44966257733731,24.0,1.0,1.0
commercial,78.49471287163529,17.423850984187364,13.0,1.0,1.0
commercial,78.350303933426,17.43539873907904,3.0,1.0,0.0
commercial,78.34829057630917,17.437124082227246,3.0,1.0,0.0
commercial,78.35296676713881,17.4345844988977,24.0,1.0,1.0
commercial,78.35227583135283,17.43375223913099,2.0,1.0,1.0
commercial,78.347966930779,17.43645411511598,3.0,1.0,0.0
commercial,78.35315482299843,17.43376361632695,2.0,1.0,1.0
commercial,78.34783088848272,17.436896732522882,3.0,1.0,1.0
commercial,78.44879262471561,17.4187896605974,14.0,1.0,1.0
commercial,78.37996536693812,17.44433355486625,1.0,2.0,1.0
commercial,78.36774465960056,17.456396453199698,25.0,2.0,4.0
commercial,78.38627953645693,17.4469720361979,1.0,2.0,4.0
commercial,78.3901709612822,17.44089589781688,5.0,2.0,1.0
commercial,78.37447107572852,17.45163699415764,2.0,2.0,1.0
commercial,78.35528391890483,17.448122565167598,15.0,1.0,1.0
commercial,78.35630981149106,17.446144157504563,25.0,1.0,1.0
commercial,78.42344555866103,17.428639004462568,23.0,1.0,1.0
commercial,78.35327285502004,17.4497486580028,23.0,1.0,0.0
commercial,78.35025028387632,17.45003225051524,13.0,2.0,0.0
commercial,78.35390679302837,17.449255705018356,23.0,2.0,4.0
commercial,78.34994214776549,17.449452531600222,2.0,1.0,1.0
commercial,78.35284490397136,17.449211076165383,13.0,1.0,0.0
commercial,78.35208289919905,17.447149014073016,1.0,1.0,1.0
commercial,78.35318998665484,17.4484133448372,13.0,2.0,0.0
commercial,78.3525936901357,17.450975896198592,3.0,1.0,1.0
commercial,78.3536193670853,17.4494109987771,23.0,2.0,3.0
commercial,78.35339188426603,17.49527329544764,24.0,1.0,1.0
commercial,78.39800999404882,17.436542119599217,23.0,1.0,1.0
commercial,78.39720192819247,17.43532278327077,14.0,1.0,4.0
commercial,78.38271273791062,17.467996928548523,24.0,1.0,1.0
commercial,78.37952070801624,17.43504799984264,13.0,2.0,0.0
commercial,78.36862329445214,17.439814400546318,1.0,2.0,5.0
commercial,78.38486567988059,17.433063121593126,1.0,2.0,1.0
commercial,78.382697922554,17.43085661309617,2.0,2.0,1.0
commercial,78.38235193245569,17.468342001916515,24.0,1.0,1.0
commercial,78.39912233486078,17.4957057258136,14.0,1.0,1.0
commercial,78.39407284303375,17.49273561314958,1.0,1.0,1.0
commercial,78.41977862064525,17.48074604144817,24.0,1.0,1.0
commercial,78.37390812044998,17.45689823552774,13.0,2.0,1.0
commercial,78.33524870012101,17.425035531230737,14.0,2.0,1.0
commercial,78.33902051481168,17.42420252127279,13.0,2.0,0.0
commercial,78.33722136688871,17.42438822132677,25.0,1.0,1.0
commercial,78.33739551832558,17.42494914000085,1.0,1.0,1.0
commercial,78.33534073133957,17.424940300817518,1.0,2.0,1.0
commercial,78.33780589101947,17.422434938207715,15.0,1.0,1.0
commercial,78.34432717896672,17.42086232410525,24.0,2.0,1.0
commercial,78.33852401552883,17.426645550605173,1.0,1.0,1.0
commercial,78.34638688786914,17.418277423296498,1.0,2.0,1.0
commercial,78.42656495105722,17.424209102261198,1.0,1.0,1.0
commercial,78.34039023756166,17.428241552411688,0.0,2.0,0.0
commercial,78.34269219233488,17.430517817800744,3.0,1.0,0.0
commercial,78.33975193989195,17.42855256234621,0.0,2.0,0.0
commercial,78.33887635990163,17.427817503245244,0.0,0.0,0.0
commercial,78.34235870782653,17.43180106027586,2.0,2.0,0.0
commercial,78.34327559521984,17.433201466349928,0.0,1.0,0.0
commercial,78.34421143556723,17.432417406302296,14.0,1.0,1.0
commercial,78.33920718417039,17.427622582615104,0.0,0.0,0.0
commercial,78.41855778931145,17.478507517050904,13.0,1.0,1.0
commercial,78.34413703661448,17.42697910027888,14.0,1.0,1.0
commercial,78.3421165305924,17.426186665540694,1.0,2.0,1.0
commercial,78.34358397221308,17.42520909287242,14.0,2.0,1.0
commercial,78.34457551349377,17.42571664068839,1.0,1.0,1.0
commercial,78.39320873722939,17.489253014928646,24.0,1.0,1.0
commercial,78.3930557846309,17.490055093846802,24.0,1.0,1.0
commercial,78.49636066656682,17.421039197914677,2.0,1.0,4.0
commercial,78.49564093139017,17.419129046498604,24.0,1.0,4.0
commercial,78.49400486548164,17.418793608580025,24.0,1.0,1.0
commercial,78.4565980697261,17.43569571637334,24.0,1.0,1.0
commercial,78.48517414458685,17.426648318931004,12.0,1.0,1.0
commercial,78.4865451947478,17.43527689737283,1.0,2.0,4.0
commercial,78.48565074493017,17.433853820718703,24.0,1.0,4.0
commercial,78.48595855332567,17.434647997567918,24.0,1.0,4.0
commercial,78.48462009156869,17.439762722163692,24.0,1.0,4.0
commercial,78.49017947226314,17.438125706325017,24.0,1.0,4.0
commercial,78.38154205730653,17.443960384183942,14.0,2.0,1.0
commercial,78.37986673295339,17.44206315016947,2.0,2.0,1.0
commercial,78.38320823548685,17.437967086863065,14.0,2.0,1.0
commercial,78.38132647678013,17.44214915153298,2.0,2.0,1.0
commercial,78.38114600043242,17.442778530202606,3.0,2.0,1.0
commercial,78.38023840780336,17.439565763051977,2.0,2.0,1.0
commercial,78.3804796581948,17.442660975275423,14.0,2.0,1.0
commercial,78.38532455176157,17.43809929638084,13.0,2.0,1.0
commercial,78.38568531917112,17.43745784299916,24.0,2.0,1.0
commercial,78.38087935038877,17.4387556828006,1.0,2.0,1.0
commercial,78.37754639964025,17.44112303277105,5.0,2.0,1.0
commercial,78.3814541937018,17.443390635293554,24.0,2.0,1.0
commercial,78.38090251625107,17.44189536078642,2.0,2.0,1.0
commercial,78.37978141024199,17.444197876155414,1.0,2.0,1.0
commercial,78.41667237640125,17.428773784158576,13.0,2.0,1.0
commercial,78.37834165877084,17.453547495617716,23.0,1.0,1.0
commercial,78.30491916921362,17.497577777630887,13.0,1.0,0.0
commercial,78.29707304626498,17.498740810000506,23.0,1.0,1.0
commercial,78.37299599923551,17.457999361932483,25.0,2.0,1.0
commercial,78.33380151597233,17.421061795913527,15.0,2.0,1.0
commercial,78.33288818847235,17.42180330109936,1.0,2.0,1.0
commercial,78.37839179726838,17.52011261413964,,,
commercial,78.287615716386,17.51568465360514,23.0,1.0,1.0
commercial,78.44239521145875,17.437771420120335,2.0,1.0,4.0
commercial,78.32733751458441,17.48196993777846,2.0,1.0,0.0
commercial,78.48950363428264,17.44240111432438,24.0,1.0,1.0
commercial,78.48601169951964,17.44264233418952,1.0,1.0,1.0
commercial,78.49632574644176,17.433979498896484,24.0,1.0,1.0
commercial,78.37924420221556,17.43939665125742,15.0,2.0,1.0
commercial,78.37992733543481,17.438536603252995,1.0,2.0,1.0
commercial,78.38116820387734,17.437144574086233,14.0,2.0,1.0
commercial,78.38659882138191,17.434459178797177,25.0,2.0,1.0
commercial,78.381809942424,17.433706371330864,1.0,2.0,1.0
commercial,78.38107288009711,17.434246905369726,13.0,2.0,1.0
commercial,78.38271652790206,17.43456422591653,24.0,2.0,1.0
commercial,78.3825851774412,17.434911476425757,14.0,2.0,1.0
commercial,78.45877612725764,17.433630413318507,14.0,1.0,1.0
commercial,78.38501411950213,17.435375762170015,25.0,2.0,1.0
commercial,78.38725928322297,17.433253040950664,24.0,2.0,1.0
commercial,78.3632806452422,17.448917288208335,13.0,2.0,5.0
commercial,78.373178487839,17.44910765760339,3.0,2.0,1.0
commercial,78.38507761266918,17.443595794527017,14.0,2.0,1.0
commercial,78.38857476718711,17.438451058496096,14.0,2.0,1.0
commercial,78.38743101087069,17.436783918008512,25.0,2.0,1.0
commercial,78.38708116003598,17.436995717947205,25.0,2.0,1.0
commercial,78.38814042600109,17.436451340879596,24.0,2.0,1.0
commercial,78.3882996376833,17.437183569604088,14.0,2.0,4.0
commercial,78.38899714239226,17.437859598559008,5.0,2.0,1.0
commercial,78.38985767139265,17.438564678236165,1.0,2.0,1.0
commercial,78.39428720675532,17.43894798998148,14.0,1.0,4.0
commercial,78.39640643849025,17.436813643588003,14.0,2.0,4.0
commercial,78.39433646623714,17.43597820524098,24.0,2.0,4.0
commercial,78.40008850839031,17.437176266138092,23.0,1.0,1.0
commercial,78.39813608887029,17.437215256581467,1.0,1.0,4.0
commercial,78.34579524323128,17.42153549026455,24.0,2.0,5.0
commercial,78.3714809377044,17.45072595166536,14.0,2.0,1.0
commercial,78.31800058590458,17.50959238899951,23.0,1.0,1.0
commercial,78.40117845852224,17.447362664832273,23.0,1.0,1.0
commercial,78.39574287595437,17.451274206250886,5.0,2.0,1.0
commercial,78.39589253760678,17.450256432346936,23.0,1.0,1.0
commercial,78.39549526575655,17.44922559956398,24.0,1.0,3.0
commercial,78.39432906646256,17.44267312194098,1.0,1.0,1.0
commercial,78.39539411298038,17.442090640693024,23.0,1.0,1.0
commercial,78.39575221562278,17.442787585331924,1.0,1.0,1.0
commercial,78.39410729156619,17.44338009933177,1.0,1.0,1.0
commercial,78.39333051382954,17.44390861831578,1.0,1.0,1.0
commercial,78.3972044262479,17.43913585286273,13.0,2.0,1.0
commercial,78.38422774466152,17.431642170839687,12.0,2.0,1.0
commercial,78.35373517724867,17.446950249858496,13.0,2.0,0.0
commercial,78.34568816810122,17.41970567699306,24.0,2.0,1.0
commercial,78.36927579368069,17.441545191890103,1.0,2.0,1.0
commercial,78.37069835571214,17.442228101400982,13.0,1.0,1.0
commercial,78.36935510914813,17.44364799431439,1.0,2.0,1.0
commercial,78.37575637781566,17.432760304052156,23.0,2.0,1.0
commercial,78.3944847312846,17.525427309457754,,,
commercial,78.43423877850383,17.57529794722328,,,
commercial,78.43601494117904,17.569653153982955,,,
commercial,78.43389830851766,17.570173364800443,,,
commercial,78.43569406554751,17.569785271007472,,,
commercial,78.433850182072,17.56755319915838,,,
commercial,78.43425656283264,17.571255913953507,,,
commercial,78.43337590993859,17.572700496834845,,,
commercial,78.43431870748017,17.56796749765186,,,
commercial,78.43439214065188,17.574326476994422,,,
commercial,78.4366974782952,17.574364035820093,,,
commercial,78.43361838435779,17.570556495103016,,,
commercial,78.43340145606136,17.568548885099585,,,
commercial,78.4340747884211,17.57125481132691,,,
commercial,78.43494751242498,17.572494101343278,,,
commercial,78.43664682433403,17.571868164137815,,,
commercial,78.43230133079712,17.569305417259887,,,
commercial,78.4337739794141,17.575237820099222,,,
commercial,78.43516916459598,17.571272700814365,,,
commercial,78.43539135495803,17.573790888648116,,,
commercial,78.43314282029375,17.57210868612214,,,
commercial,78.37268964919808,17.458673368976587,25.0,2.0,1.0
commercial,78.39873809379336,17.52655183078858,,,
commercial,78.39838243624128,17.526205474259694,,,
commercial,78.39888238908244,17.528041193560064,,,
commercial,78.39887477790805,17.527456455321214,,,
commercial,78.40094843721404,17.529948661855073,,,
commercial,78.40072423151503,17.53254134439828,,,
commercial,78.40095250227536,17.530061284363374,,,
commercial,78.40091198785584,17.528932437026803,,,
commercial,78.39683728228056,17.52717469416568,,,
commercial,78.37441252154454,17.439059309026536,1.0,1.0,1.0
commercial,78.37439367960214,17.43813929861353,24.0,1.0,1.0
commercial,78.38918230196242,17.48360816945474,24.0,1.0,1.0
commercial,78.39761855387188,17.4961303220297,23.0,1.0,4.0
commercial,78.38685119740526,17.50587305267569,14.0,1.0,1.0
commercial,78.33728252849043,17.41868076685404,24.0,1.0,1.0
commercial,78.37175664105561,17.47014729774384,3.0,0.0,0.0
commercial,78.3782490678962,17.469312438453137,3.0,2.0,0.0
commercial,78.37777652735082,17.470284244370276,2.0,1.0,1.0
commercial,78.37649265003023,17.47228856886818,23.0,1.0,1.0
commercial,78.3728144765351,17.47026647946625,1.0,1.0,1.0
commercial,78.3777045844451,17.470761011676277,3.0,1.0,0.0
commercial,78.3721529774732,17.473250173531888,2.0,1.0,1.0
commercial,78.37688817039044,17.47222941668368,2.0,1.0,1.0
commercial,78.37424583099316,17.47144639335161,24.0,1.0,1.0
commercial,78.37264513519588,17.47066401983388,13.0,1.0,0.0
commercial,78.37490683925412,17.472891483840485,13.0,1.0,1.0
commercial,78.37256973890189,17.472902673805347,1.0,1.0,1.0
commercial,78.3750035286515,17.470623507134505,1.0,1.0,1.0
commercial,78.37732523426902,17.46941412544661,2.0,2.0,1.0
commercial,78.3714552018396,17.471104574463336,12.0,0.0,0.0
commercial,78.30892688283063,17.47262541508458,23.0,1.0,1.0
commercial,78.43578589820079,17.453728870672542,23.0,1.0,1.0
commercial,78.44428399042586,17.437136774603033,24.0,1.0,1.0
commercial,78.44371741495473,17.438130949444396,14.0,1.0,1.0
commercial,78.29619243038134,17.51026090668518,23.0,1.0,1.0
commercial,78.39350497320817,17.49158023103889,24.0,1.0,4.0
commercial,78.39367396448162,17.483026096882067,24.0,1.0,1.0
commercial,78.3576264253344,17.442543914731104,3.0,2.0,0.0
commercial,78.39358145782731,17.5318758443374,,,
commercial,78.36170026649324,17.503886128782703,23.0,2.0,4.0
commercial,78.362638176022,17.509193938923936,23.0,1.0,1.0
commercial,78.35340331131127,17.419185113082808,23.0,1.0,1.0
commercial,78.35439856105496,17.420997335505543,1.0,1.0,1.0
commercial,78.45006850828206,17.429225499717077,14.0,1.0,1.0
commercial,78.45517256348214,17.421013783595864,24.0,1.0,1.0
commercial,78.37930935746657,17.431319906840812,0.0,2.0,1.0
commercial,78.36466548668409,17.521804428505853,,,
commercial,78.36495321436223,17.520148947977845,,,
commercial,78.36714226527096,17.51947624974383,,,
commercial,78.36780851459098,17.519470581041272,,,
commercial,78.36591863915908,17.520934120037175,,,
commercial,78.3661802393128,17.521176531819254,,,
commercial,78.36825519791743,17.521502126279472,,,
commercial,78.38370765973671,17.483406586953404,3.0,0.0,0.0
commercial,78.38366445087728,17.48218063857271,13.0,0.0,0.0
commercial,78.38291953822879,17.482918181757466,3.0,0.0,0.0
commercial,78.3763002445676,17.445592873801303,24.0,2.0,1.0
commercial,78.37402801490964,17.44392414298788,14.0,2.0,1.0
commercial,78.36842863917984,17.445866053583657,1.0,2.0,1.0
commercial,78.37308907539133,17.447268908400936,14.0,2.0,1.0
commercial,78.36932923138853,17.4469654654279,15.0,2.0,1.0
commercial,78.37224681703934,17.450117774610575,14.0,2.0,1.0
commercial,78.37274677326049,17.44958732878564,2.0,2.0,1.0
commercial,78.37377568135216,17.450233521870384,1.0,1.0,1.0
commercial,78.37495792718353,17.450738648274616,24.0,1.0,1.0
commercial,78.37518225477037,17.448501695532492,24.0,1.0,1.0
commercial,78.37779890187758,17.441496196130082,24.0,1.0,1.0
commercial,78.37190446937564,17.45309713988743,14.0,2.0,1.0
commercial,78.36871225906087,17.452130480731217,14.0,2.0,1.0
commercial,78.3338744439537,17.422441294852547,2.0,2.0,0.0
commercial,78.33505215089436,17.42252798019774,15.0,2.0,1.0
commercial,78.34347042740349,17.41922417627419,14.0,2.0,1.0
commercial,78.3452511393719,17.418408593462225,2.0,2.0,1.0
commercial,78.34543911025915,17.416842179955673,14.0,2.0,1.0
commercial,78.3474978499374,17.422432173801386,1.0,2.0,1.0
commercial,78.3472024172614,17.423006655964198,14.0,2.0,1.0
commercial,78.33430927635303,17.425322783399928,1.0,2.0,4.0
commercial,78.2970714160923,17.43652352865385,0.0,2.0,5.0
commercial,78.29646307672868,17.435646383227628,0.0,2.0,0.0
commercial,78.29787934767829,17.436975727614204,1.0,2.0,5.0
commercial,78.29791208153453,17.43641482018373,0.0,2.0,5.0
commercial,78.29703310328725,17.435446736405396,11.0,2.0,1.0
commercial,78.33532973521362,17.41966229705659,15.0,2.0,1.0
commercial,78.32787968657244,17.423183654327747,3.0,2.0,1.0
commercial,78.3289274024103,17.42340133327684,2.0,2.0,0.0
commercial,78.35493510550901,17.416595071807812,1.0,2.0,1.0
commercial,78.4548244743769,17.431657895528435,14.0,2.0,1.0
commercial,78.34860287294656,17.493718025544567,13.0,2.0,4.0
commercial,78.33774903549424,17.42059004529972,15.0,2.0,1.0
commercial,78.33860683023333,17.421142262115655,25.0,1.0,1.0
commercial,78.33978993409643,17.420107169530528,1.0,2.0,1.0
commercial,78.37433456277358,17.522574949112744,,,
commercial,78.31004610775746,17.46700044552555,0.0,2.0,1.0
commercial,78.38095425382409,17.429606173817465,0.0,2.0,1.0
commercial,78.48243205165232,17.545368874766616,,,
commercial,78.3464553559516,17.425717484336328,14.0,2.0,1.0
commercial,78.34795278212117,17.421541804934957,14.0,2.0,1.0
commercial,78.46509748495818,17.444378630730053,2.0,2.0,1.0
commercial,78.37625215549207,17.43752225835295,0.0,2.0,1.0
commercial,78.37686982567317,17.434229281227147,0.0,2.0,1.0
commercial,78.34091775459008,17.426972226870856,13.0,1.0,1.0
commercial,78.36760492231423,17.46132882761734,14.0,2.0,1.0
commercial,78.37770783690148,17.42524397857363,13.0,2.0,1.0
commercial,78.33816289204844,17.461664203283075,1.0,2.0,1.0
commercial,78.44454048228005,17.434501097868168,1.0,2.0,1.0
commercial,78.37950084813347,17.434284252146345,1.0,2.0,1.0
commercial,78.37828966810284,17.435576259261083,1.0,2.0,1.0
commercial,78.43892762664309,17.427706878544967,14.0,2.0,4.0
commercial,78.47135005590819,17.445080191029167,1.0,2.0,1.0
commercial,78.3667956865278,17.45777531582433,1.0,2.0,1.0
commercial,78.45494653586248,17.43436813890996,1.0,2.0,1.0
commercial,78.36426571633822,17.501635018288496,13.0,2.0,1.0
commercial,78.4235549771308,17.442818673281234,2.0,2.0,0.0
commercial,78.4224033729779,17.444082709231107,3.0,0.0,0.0
commercial,78.4252627763792,17.504757219882702,13.0,2.0,1.0
commercial,78.42623586403685,17.505595930358282,2.0,2.0,3.0
commercial,78.67927846162144,17.24805844344863,,,
commercial,78.6820523310693,17.263024503318846,,,
commercial,78.67782809129262,17.250544433267116,,,
commercial,78.68467586155153,17.259799258473098,,,
commercial,78.68123815803968,17.25922678976896,,,
commercial,78.67824085821448,17.26059564677055,,,
commercial,78.68400884080295,17.25414758031003,,,
commercial,78.68120424326767,17.2636519184737,,,
commercial,78.67569636608823,17.247047600550005,,,
commercial,78.68339438462861,17.262035040821882,,,
commercial,78.68180157816965,17.253841245560317,,,
commercial,78.68393027418712,17.25162623875498,,,
commercial,78.67895927484405,17.25817319570604,,,
commercial,78.68072486379226,17.251050414064228,,,
commercial,78.67984496876647,17.248694360772323,,,
commercial,78.68115848160933,17.2619705678293,,,
commercial,78.67899715558022,17.24977227039893,,,
commercial,78.68362582429017,17.259329170798583,,,
commercial,78.68041821744885,17.257600956422607,,,
commercial,78.684893607866,17.25569826321733,,,
commercial,78.68126304534327,17.250950893958226,,,
commercial,78.67604199753346,17.25379599117195,,,
commercial,78.67837092874525,17.256792692966318,,,
commercial,78.67953180309698,17.244933046669015,,,
commercial,78.67997923640569,17.256525080308982,,,
commercial,78.68495843209053,17.254444436747843,,,
commercial,78.68255510213794,17.25925590656256,,,
commercial,78.68001023269676,17.243905399797807,,,
commercial,78.68458756395974,17.253468819109763,,,
commercial,78.6800566775091,17.251507671720873,,,
commercial,78.67956112227638,17.242767451020665,,,
commercial,78.67777144462984,17.26024322026221,,,
commercial,78.68207641083637,17.259077406731382,,,
commercial,78.67887117160566,17.24921439278365,,,
commercial,78.67643342745261,17.251484589410747,,,
commercial,78.68020092562307,17.257291370611895,,,
commercial,78.68372035068018,17.259680191081408,,,
commercial,78.68121405110288,17.245536138339645,,,
commercial,78.67777747777492,17.257947308462903,,,
commercial,78.67805741868887,17.25766610856207,,,
commercial,78.68240095259398,17.24504363120135,,,
commercial,78.67767254201429,17.24871949930027,,,
commercial,78.68166631808238,17.250550113322653,,,
commercial,78.68278501423269,17.258334375797887,,,
commercial,78.6821549110072,17.251303202987103,,,
commercial,78.67861264719703,17.245377127242513,,,
commercial,78.68109935478618,17.257842701371274,,,
commercial,78.67866468481517,17.2549467924235,,,
commercial,78.67573247699897,17.25242893337915,,,
commercial,78.6822188228802,17.24686889115939,,,
commercial,78.68338971064841,17.253226088445366,,,
commercial,78.68317749769446,17.259130338982203,,,
commercial,78.68416053578605,17.25380494970957,,,
commercial,78.67835730081704,17.256472782452715,,,
commercial,78.68298659144368,17.24777381112693,,,
commercial,78.67999528577408,17.260880070119782,,,
commercial,78.68401335457207,17.254502593816134,,,
commercial,78.68026934303565,17.246023493133738,,,
commercial,78.67526776329143,17.248913658958735,,,
commercial,78.67584373687538,17.248580061389283,,,
commercial,78.6758892551713,17.24237086783763,,,
commercial,78.6811915456799,17.251063131788722,,,
commercial,78.68429783638008,17.253248113425926,,,
commercial,78.68311411247225,17.252924606222635,,,
commercial,78.68129186593438,17.246868583872484,,,
commercial,78.6823604454883,17.254346753742666,,,
commercial,78.67767428938838,17.25506132144472,,,
commercial,78.67614668216088,17.25351107293302,,,
commercial,78.67998018824899,17.24726508340188,,,
commercial,78.68208538847999,17.246421288704287,,,
commercial,78.680610767761,17.248057670033464,,,
commercial,78.68214451485515,17.255553052885393,,,
commercial,78.6781954557231,17.259870888478883,,,
commercial,78.67696413981137,17.251925574550203,,,
commercial,78.67873982124829,17.24903355018645,,,
commercial,78.6805293921909,17.25680768727089,,,
commercial,78.67683337739147,17.250194149470254,,,
commercial,78.67961373743256,17.245891163953814,,,
commercial,78.6780449606773,17.250123278826127,,,
commercial,78.67737627209044,17.24074663398366,,,
commercial,78.68469649943064,17.256359203710897,,,
commercial,78.68220467575092,17.254526877476508,,,
commercial,78.67687914216566,17.251873821140382,,,
commercial,78.68159456935827,17.24780856809736,,,
commercial,78.68003488391491,17.25636051414827,,,
commercial,78.54820242933044,17.412372875157917,3.0,1.0,0.0
commercial,78.5487460144231,17.412099323187142,3.0,1.0,1.0
commercial,78.56018775188073,17.39176466376518,23.0,1.0,1.0
commercial,78.57307406341702,17.395803298714867,1.0,1.0,3.0
commercial,78.57576585545178,17.397189780408592,12.0,1.0,3.0
commercial,78.57524886353121,17.39444574107453,23.0,1.0,3.0
commercial,78.57393027962101,17.395297156139943,23.0,1.0,3.0
commercial,78.57316573944267,17.3958424260816,12.0,1.0,3.0
commercial,78.57494219149338,17.396598366305845,2.0,1.0,1.0
commercial,78.57705178295326,17.396493059261672,22.0,1.0,1.0
commercial,78.57274325078102,17.39497726797272,0.0,2.0,0.0
commercial,78.57532750835445,17.396874980944794,1.0,1.0,1.0
commercial,78.57517576563275,17.394277699639197,23.0,1.0,3.0
commercial,78.59173836450032,17.403544604213558,2.0,1.0,1.0
commercial,78.57192233842225,17.40190269177523,1.0,1.0,1.0
commercial,78.51321843417963,17.369385051116367,13.0,1.0,0.0
commercial,78.53572365215977,17.358559020791745,14.0,2.0,1.0
commercial,78.54423979705008,17.374581146315073,24.0,1.0,3.0
commercial,78.6108153758513,17.333237273315614,,,
commercial,78.71885361172218,17.315656707604404,,,
commercial,78.72039870372903,17.3151216024778,,,
commercial,78.72205281091273,17.31561126764951,,,
commercial,78.72122067356966,17.315173856431677,,,
commercial,78.7233407126487,17.3162343888479,,,
commercial,78.55500784361645,17.400285475411486,23.0,1.0,1.0
commercial,78.55010778737638,17.409929129852618,4.0,0.0,0.0
commercial,78.54741211487567,17.410186075285342,2.0,2.0,0.0
commercial,78.63108166628658,17.32066135073471,,,
commercial,78.60121763898701,17.315918131186976,12.0,2.0,0.0
commercial,78.59820642920788,17.316806283127427,2.0,2.0,3.0
commercial,78.60397407844017,17.322434111311747,,,
commercial,78.54501246042494,17.355061429545493,14.0,2.0,1.0
commercial,78.54707672543442,17.35531929811449,1.0,2.0,1.0
commercial,78.54272767402193,17.36392702992987,14.0,2.0,1.0
commercial,78.58612459739325,17.33393246440966,1.0,2.0,1.0
commercial,78.5645462608305,17.23029391437564,,,
commercial,78.5632289866674,17.232614438712098,,,
commercial,78.56154232636433,17.233331766479527,,,
commercial,78.56605891515632,17.230198411047777,,,
commercial,78.56034164184138,17.23339375502602,,,
commercial,78.56055713401129,17.23071136065278,,,
commercial,78.56598562572047,17.23143741130977,,,
commercial,78.56062709902129,17.23093070875624,,,
commercial,78.56278509147597,17.228785672303342,,,
commercial,78.5618981213508,17.230984951846022,,,
commercial,78.56194440908276,17.231525396755124,,,
commercial,78.5603882185425,17.231630908127343,,,
commercial,78.5351769903238,17.423955546520418,13.0,2.0,1.0
commercial,78.66377908885846,17.437235712166736,,,
commercial,78.5658784334039,17.441200766584593,24.0,1.0,1.0
commercial,78.63350219549149,17.448428449759067,,,
commercial,78.63428785687306,17.437123108018262,,,
commercial,78.62665298665554,17.439063066612945,,,
commercial,78.63574587009786,17.44810039647352,,,
commercial,78.62848316219406,17.43582799997364,,,
commercial,78.62893620560538,17.437385718256568,,,
commercial,78.62967009909522,17.44476214967272,,,
commercial,78.62978822710433,17.443094929130204,,,
commercial,78.63925953730485,17.447941176570712,,,
commercial,78.62992156694028,17.43927550697899,,,
commercial,78.63504223470868,17.44595502136822,,,
commercial,78.62684298968148,17.444239922468377,,,
commercial,78.62340356331455,17.443382902208736,,,
commercial,78.63531405365835,17.449813477028773,,,
commercial,78.63622835689867,17.444482534495677,,,
commercial,78.62604084429225,17.443773660741474,,,
commercial,78.63161165240052,17.44051008220285,,,
commercial,78.62613970756973,17.439865303517525,,,
commercial,78.63874697739183,17.44607372675094,,,
commercial,78.63909974675973,17.44800797804942,,,
commercial,78.63028780639124,17.444446281596186,,,
commercial,78.63836536881688,17.44611012891058,,,
commercial,78.63978150386104,17.445384909852855,,,
commercial,78.6306370758334,17.44133601983915,,,
commercial,78.63052513229094,17.44923381718641,,,
commercial,78.63112876558331,17.43852847781225,,,
commercial,78.62310852722638,17.441964052354226,,,
commercial,78.62492978912039,17.440278333349514,,,
commercial,78.62332237752486,17.443458247642802,,,
commercial,78.63488978041597,17.445472752922264,,,
commercial,78.62773437611824,17.436149272544824,,,
commercial,78.63400651568179,17.448078265902378,,,
commercial,78.63234396067521,17.44972834511252,,,
commercial,78.63427912641113,17.44643339755732,,,
commercial,78.63908527555431,17.44514655736488,,,
commercial,78.63218590817718,17.446975824768902,,,
commercial,78.63487695186913,17.444710673041705,,,
commercial,78.63162957981389,17.433324636508164,,,
commercial,78.63450496162564,17.446510035008867,,,
commercial,78.6293081786083,17.443993570982233,,,
commercial,78.63163313225827,17.44048036309637,,,
commercial,78.63852811513016,17.445468896002094,,,
commercial,78.63494830138228,17.448794283915852,,,
commercial,78.63170150399735,17.43375125148811,,,
commercial,78.6253737373529,17.43994116606188,,,
commercial,78.62785276026413,17.44149205608211,,,
commercial,78.6279254538409,17.44179927178595,,,
commercial,78.62802144071716,17.442340028327475,,,
commercial,78.6303375148201,17.4443483483596,,,
commercial,78.64016872097599,17.449214518763768,,,
commercial,78.6240672001069,17.440697000964825,,,
commercial,78.62910009426315,17.439258980396666,,,
commercial,78.63123579218586,17.441660247890788,,,
commercial,78.6300394346637,17.446748694654055,,,
commercial,78.62956572050467,17.444952038224653,,,
commercial,78.62233018190526,17.441967894994235,,,
commercial,78.63122717461893,17.44862515520166,,,
commercial,78.63488484038346,17.44459786933969,,,
commercial,78.624893694373,17.44401774223761,,,
commercial,78.62580829367774,17.44125179625253,,,
commercial,78.6274271520559,17.441375097238794,,,
commercial,78.62827053673445,17.44307556593561,,,
commercial,78.63560739601944,17.449661657776844,,,
commercial,78.62629564922345,17.437873983134764,,,
commercial,78.62908973872992,17.43584933207689,,,
commercial,78.6370669590011,17.449868031889412,,,
commercial,78.63747080831632,17.44757501464206,,,
commercial,78.63083071432905,17.44945612263551,,,
commercial,78.62660684482712,17.44366930078944,,,
commercial,78.54723385343108,17.500702658083316,0.0,2.0,0.0
commercial,78.56561843903872,17.477401436977992,2.0,2.0,0.0
residential,78.11955123638661,17.16842359039398,,,
residential,78.11085454338637,17.16081852900952,,,
residential,78.10970617279973,17.164415127858,,,
residential,78.14757605540137,17.017581566078633,,,
residential,78.20129702285261,17.148451460599734,,,
residential,78.21558731599774,17.0770444167719,,,
residential,78.11919390260516,17.178195065105207,,,
residential,78.08564642570101,17.219946535611182,,,
residential,78.07383546482211,17.197370758261016,,,
residential,78.08872516194397,17.19973285446245,,,
residential,78.08608970541977,17.227656415182924,,,
residential,78.09483732512629,17.18731724405661,,,
residential,78.12445493256223,17.233969018733177,,,
residential,78.11030726630493,17.22608878965747,,,
residential,78.132233664078,17.255514367959808,,,
residential,78.13015984065129,17.212671744141335,,,
residential,78.06055781263768,17.222274043268555,,,
residential,78.12838358984145,17.187202137823533,,,
residential,78.09409350884948,17.248114494444444,,,
residential,78.11218948106684,17.23624628961948,,,
residential,78.06794188296115,17.248422336818876,,,
residential,78.06530254740099,17.268353130730652,,,
residential,78.11178779782304,17.19647713005847,,,
residential,78.11466121825094,17.22175185603888,,,
residential,78.1657815565262,17.360588838043725,,,
residential,78.14953823971548,17.4049993255856,,,
residential,78.14341164667265,17.404392390911845,,,
residential,78.1676426556993,17.387152824755635,,,
residential,78.16186348361715,17.376582493849465,,,
residential,78.17984725579498,17.413973620652193,,,
residential,78.15915338134363,17.374376443408096,,,
residential,78.13795294685858,17.31212103306672,,,
residential,78.13508448527158,17.304718042632853,,,
residential,78.15032059949998,17.383569773203245,,,
residential,78.09252986205773,17.366669758300738,,,
residential,78.22609851881758,17.317879678170332,,,
residential,78.13629817945186,17.385396874682094,,,
residential,78.13456644602384,17.365138342935847,,,
residential,78.08288417853835,17.362146136629466,,,
residential,78.06192978562461,17.357520035106685,,,
residential,78.12017174779106,17.37585483165738,,,
residential,78.05762220671325,17.3757855893252,,,
residential,78.24749337054129,17.37409554425472,,,
residential,78.20081209845524,17.402342560494443,,,
residential,78.22592335709828,17.387973363276885,,,
residential,78.2513583993052,17.385170468786004,,,
residential,78.22891263072424,17.373195764247765,,,
residential,78.19893045541063,17.35181812783127,,,
residential,78.23957298062443,17.36213947490526,,,
residential,78.19903837210772,17.333357070434985,,,
residential,78.20321185426099,17.371752226605157,,,
residential,78.17986827524793,17.339771586903268,,,
residential,78.24090468409565,17.322760233913648,,,
residential,78.09800215333428,17.40759119373181,,,
residential,78.09304107291783,17.39356249881181,,,
residential,78.09358810060512,17.391826618139405,,,
residential,78.06559266796143,17.40043584462512,,,
residential,78.06259422287212,17.40206716282959,,,
residential,78.12130202450048,17.393139231155576,,,
residential,78.12686764269046,17.41020993290175,,,
residential,78.09999472968991,17.394480372731426,,,
residential,78.0322789045932,17.324384279395705,,,
residential,78.12483653105743,17.31922869715361,,,
residential,78.12936006007061,17.328365321013052,,,
residential,78.17332468590024,17.322642026987168,,,
residential,78.15943960936013,17.31241169226243,,,
residential,78.1470170874151,17.285498858968097,,,
residential,78.14807793209175,17.261931582267522,,,
residential,78.1555465777062,17.275757939620163,,,
residential,78.14548707058816,17.272944834177768,,,
residential,78.17555524655003,17.28844445845508,,,
residential,78.18665895788882,17.25485188688042,,,
residential,78.20781442391842,17.257211356891293,,,
residential,78.17839233343712,17.27556092366066,,,
residential,78.17832012447269,17.25192989267109,,,
residential,78.15806839407378,17.25003443767912,,,
residential,78.10325839546283,17.259902289346236,,,
residential,78.10038792424017,17.269891042460333,,,
residential,78.12090540628041,17.273433231766507,,,
residential,78.22317890591628,17.414952547161302,,,
residential,78.22017865242057,17.401293574803663,,,
residential,78.21994657626877,17.403443813405538,,,
residential,78.20641652006053,17.416821436117306,,,
residential,78.2015830824996,17.41767716901902,,,
residential,78.22589413445542,17.181736372898683,,,
residential,78.22370353949238,17.275916725244173,,,
residential,78.23521665468554,17.26641622746662,,,
residential,78.21934757829715,17.202051261875333,,,
residential,78.24284261755429,17.545263512514783,,,
residential,78.18879634292448,17.528744099185648,,,
residential,78.15015945622257,17.52651326597745,,,
residential,78.08272777991652,17.44020507425966,,,
residential,78.18921806739465,17.610470537778905,,,
residential,78.14975328409682,17.638998629430347,,,
residential,78.19019899888602,17.629211579359627,,,
residential,78.15646777992899,17.629208606681587,,,
residential,78.06932009919545,17.501904170831565,,,
residential,78.06290899283798,17.47518120998212,,,
residential,78.1508991430882,17.42867513609454,,,
residential,78.12814551126498,17.440937905485896,,,
residential,78.14631086221688,17.429982786140386,,,
residential,78.1689431802503,17.659656763244797,,,
residential,78.10856311438374,17.58666579460609,,,
residential,78.09303497718233,17.42179144688416,,,
residential,78.11476836572585,17.44296803090347,,,
residential,78.22202031563702,17.5609067160198,,,
residential,78.20633007356808,17.416695109619365,,,
residential,78.20182004256326,17.41780480043299,,,
residential,78.19103702173314,17.441103001514747,,,
residential,78.1257449860062,17.470877754713506,,,
residential,78.15598573189534,17.440080506884517,,,
residential,78.18791322393236,17.43225895176541,,,
residential,78.10780472888858,17.58115859626322,,,
residential,78.10881339102895,17.5964713695858,,,
residential,78.19776312594793,17.462042106467663,,,
residential,78.20896393602396,17.455445233530778,,,
residential,78.24223688826628,17.44628501887309,,,
residential,78.25087899111647,17.448187204643887,0.0,2.0,3.0
residential,78.24572738800069,17.47187244967118,,,
residential,78.2106251818254,17.484088849207122,,,
residential,78.21804327596669,17.486119810642478,,,
residential,78.23547808787886,17.485978684801488,,,
residential,78.23581012823784,17.48201890779418,,,
residential,78.24125641305042,17.450203214215747,,,
residential,78.24971531130943,17.48407648182602,,,
residential,78.2126384158942,17.686058978728024,,,
residential,78.20371626107007,17.68620892170886,,,
residential,78.22179635773351,17.689420697506815,,,
residential,78.22052826806028,17.68246378775426,,,
residential,78.21400219298951,17.676468379998493,,,
residential,78.19736368520725,17.667444083834962,,,
residential,78.16992664180444,17.657851603908057,,,
residential,78.16730056703061,17.67361767769639,,,
residential,78.24549922503792,17.66952511716534,,,
residential,78.24104371681533,17.67028803562932,,,
residential,78.23031545238005,17.751753996307347,,,
residential,78.21396999153293,17.752886410933304,,,
residential,78.22490626545648,17.74365985826077,,,
residential,78.23241121924889,17.685302684865388,,,
residential,78.235905747216,17.682370740250327,,,
residential,78.23538696458857,17.68077874729052,,,
residential,78.43774289189989,17.155283368519036,,,
residential,78.42943557805363,17.157676493809696,,,
residential,78.32251378291822,17.1100569477298,,,
residential,78.29216086904238,17.12274010385902,,,
residential,78.31017391560918,17.14355940323177,,,
residential,78.40120409870549,17.17396178914741,,,
residential,78.37123205253671,17.10749976198979,,,
residential,78.36934065352256,17.12938903695959,,,
residential,78.3614793030408,17.12605682682371,,,
residential,78.3412871375539,17.151735694344122,,,
residential,78.36012314659516,17.168916134211447,,,
residential,78.36400911879782,17.16191446261628,,,
residential,78.36608848727445,17.080982209706068,,,
residential,78.35464111336532,17.07993421359624,,,
residential,78.36896585059475,17.09245338673174,,,
residential,78.36379989147584,17.107288942801244,,,
residential,78.33143180081584,17.134681604828383,,,
residential,78.33252285596706,17.173544682867153,,,
residential,78.32528125374115,17.155933524433927,,,
residential,78.30838790277753,17.163337097807265,,,
residential,78.45857009171189,17.126716402035406,,,
residential,78.43228185392924,17.168222444220007,,,
residential,78.43147712861351,17.16964253475241,,,
residential,78.36184990015515,17.154831913069874,,,
residential,78.40150507966214,17.156749057206294,,,
residential,78.39233091953867,17.138518025022144,,,
residential,78.37502882992858,17.144975186925688,,,
residential,78.41420653576212,17.1274872034543,,,
residential,78.42146594881426,17.143064115549112,,,
residential,78.42041894337846,17.150580204686513,,,
residential,78.42131526247341,17.153526434338293,,,
residential,78.40815528763683,17.148306940065197,,,
residential,78.42580904767922,17.113470795532383,,,
residential,78.42033870579746,17.114448951229654,,,
residential,78.43394731860569,17.13416903956516,,,
residential,78.43354960427438,17.133679021238567,,,
residential,78.50082998426214,17.08408927992977,,,
residential,78.45669438220389,17.132968253325224,,,
residential,78.49999655480931,17.09734814833551,,,
residential,78.46074711021862,17.126559741747233,,,
residential,78.39510751052491,17.13884901730395,,,
residential,78.48939451136437,17.064431011354884,,,
residential,78.38152965033169,17.13793239247178,,,
residential,78.47665491967605,17.070969328141068,,,
residential,78.45308312036379,17.03614981553448,,,
residential,78.495030139797,17.04609503337694,,,
residential,78.35258495281815,17.05776566508619,,,
residential,78.45014325364092,17.086770604558442,,,
residential,78.47319070161093,17.069480397826148,,,
residential,78.46573646702377,17.070779108205507,,,
residential,78.41829314967731,17.06486764874598,,,
residential,78.42404679829808,17.066900483344522,,,
residential,78.44264210198726,17.071339385934415,,,
residential,78.47005999113314,17.092859846470798,,,
residential,78.43776104319748,17.05436693086942,,,
residential,78.38004734110433,17.170744810229746,,,
residential,78.37989420706752,17.170175302847117,,,
residential,78.38108265559322,17.172434116858184,,,
residential,78.35591458161014,17.17140202636807,,,
residential,78.47595275442575,17.14947199781334,,,
residential,78.47357641699892,17.143888514150174,,,
residential,78.47289547329277,17.139785566212844,,,
residential,78.46699354969608,17.14433076042862,,,
residential,78.4706036824901,17.142287415657496,,,
residential,78.45836141458561,17.165298390015387,,,
residential,78.45798309893102,17.176614148094828,,,
residential,78.45070259915138,17.167279690066962,,,
residential,78.42461849326048,17.370826817957738,2.0,2.0,4.0
residential,78.4249459715285,17.395501462406024,13.0,2.0,4.0
residential,78.38706520218425,17.399608720058097,14.0,2.0,4.0
residential,78.3923821764248,17.183159902907637,,,
residential,78.40167836890382,17.189107396150888,,,
residential,78.39721675764179,17.195980561260992,,,
residential,78.39367471406153,17.193564669502077,,,
residential,78.3854425129204,17.200078910961068,,,
residential,78.35356653428758,17.20654712057309,,,
residential,78.3214377103739,17.19209166181544,,,
residential,78.32065707568124,17.18582129034071,,,
residential,78.35768457387516,17.178634356150887,,,
residential,78.37791403953014,17.208045461932237,,,
residential,78.3870127576563,17.218913816414663,,,
residential,78.29987276889497,17.24390839393237,,,
residential,78.30430154377851,17.224654540808004,,,
residential,78.43783973280183,17.185264240632524,,,
residential,78.33306008847002,17.17209846871223,,,
residential,78.44756671734167,17.184527642858864,,,
residential,78.4471955969151,17.216892417745896,,,
residential,78.48276352677043,17.36502287181296,1.0,2.0,0.0
residential,78.46537413126661,17.367453775765934,5.0,2.0,1.0
residential,78.3105964923811,17.29023922410614,,,
residential,78.40128708390199,17.206203897479867,,,
residential,78.47313250355494,17.40211901480789,14.0,2.0,4.0
residential,78.4678693912631,17.408226351539803,2.0,2.0,1.0
residential,78.48215495935908,17.221108700760805,,,
residential,78.46864118521952,17.201405379684754,,,
residential,78.28090590632331,17.329490698511737,,,
residential,78.47201922400632,17.40432481171473,15.0,2.0,4.0
residential,78.43602308414465,17.406985427080883,14.0,2.0,4.0
residential,78.4460026941679,17.359246899835902,13.0,2.0,0.0
residential,78.39200001116636,17.31880109800309,11.0,2.0,3.0
residential,78.47302457088966,17.404850178449728,3.0,2.0,0.0
residential,78.44860652448712,17.4054090609091,14.0,2.0,4.0
residential,78.40517735351646,17.404698561829722,14.0,2.0,4.0
residential,78.36846459565457,17.417543477129463,13.0,2.0,1.0
residential,78.37483715223992,17.34365380619303,1.0,2.0,3.0
residential,78.4688331192033,17.40401287583943,14.0,2.0,4.0
residential,78.47115557443342,17.406389227153973,14.0,2.0,4.0
residential,78.47555507947129,17.40708569213266,14.0,2.0,4.0
residential,78.47676818706994,17.359861916521854,14.0,2.0,4.0
residential,78.4654444788354,17.3654849186296,13.0,2.0,4.0
residential,78.45912513009024,17.366867396695483,13.0,2.0,4.0
residential,78.46441653122419,17.357907884499024,1.0,2.0,4.0
residential,78.45682857675973,17.346638577262834,14.0,2.0,3.0
residential,78.46188209999426,17.358763390584812,13.0,2.0,3.0
residential,78.45828380377627,17.362844305891098,13.0,2.0,4.0
residential,78.46372902854449,17.35307579027522,2.0,2.0,1.0
residential,78.45396589686914,17.3529661189416,2.0,2.0,1.0
residential,78.46368019714708,17.351483178059485,14.0,2.0,3.0
residential,78.46472883371058,17.350135438685705,14.0,2.0,1.0
residential,78.45892728989872,17.355945508483984,13.0,2.0,1.0
residential,78.45664299353199,17.346265948745128,14.0,2.0,3.0
residential,78.46345490187902,17.349185224731446,14.0,2.0,1.0
residential,78.46636759957636,17.353458468436763,1.0,2.0,3.0
residential,78.45506716947502,17.35629319112609,1.0,2.0,4.0
residential,78.47024556946268,17.360194244832265,13.0,2.0,4.0
residential,78.47061454750381,17.35969658938855,13.0,2.0,4.0
residential,78.45058460729716,17.358757258777374,1.0,2.0,3.0
residential,78.45288192120567,17.355481497902996,13.0,2.0,4.0
residential,78.476647454944,17.328548259497197,13.0,2.0,4.0
residential,78.47737308932105,17.332224205612505,1.0,2.0,4.0
residential,78.47079683417192,17.346874816394386,13.0,2.0,4.0
residential,78.47248315552767,17.347789950878127,13.0,2.0,4.0
residential,78.47210115591986,17.336036503847552,13.0,2.0,3.0
residential,78.47074067084846,17.336330119700307,13.0,2.0,3.0
residential,78.47957046990972,17.338663598430408,1.0,2.0,4.0
residential,78.43339178000417,17.322241581728754,13.0,2.0,4.0
residential,78.47952531250472,17.32691126636318,1.0,2.0,4.0
residential,78.44829954281326,17.2936654695162,13.0,2.0,3.0
residential,78.4477376966957,17.314761194565982,13.0,2.0,4.0
residential,78.45209794966487,17.313869412378537,13.0,2.0,3.0
residential,78.44902769267249,17.263618914332568,0.0,0.0,0.0
residential,78.44589094125807,17.262172348260062,0.0,0.0,0.0
residential,78.48313940938378,17.368376887604704,13.0,2.0,4.0
residential,78.48522840583475,17.368988914211116,13.0,2.0,4.0
residential,78.48334326783872,17.37179226808146,1.0,2.0,1.0
residential,78.4846549735874,17.37256270796438,13.0,2.0,4.0
residential,78.49658519109958,17.352144212962468,14.0,2.0,3.0
residential,78.50025761539032,17.35400673489108,14.0,2.0,3.0
residential,78.45957813275258,17.33846714789652,14.0,2.0,3.0
residential,78.45521285768126,17.331153459366508,14.0,2.0,3.0
residential,78.45405181970479,17.332673411408113,14.0,2.0,3.0
residential,78.46226189609018,17.33587246592631,1.0,2.0,3.0
residential,78.4602936441034,17.339832685779808,2.0,2.0,0.0
residential,78.45894503021671,17.334025686166807,14.0,2.0,3.0
residential,78.46112958665422,17.335606588197777,1.0,2.0,3.0
residential,78.45960731983484,17.342132860684977,14.0,2.0,3.0
residential,78.4659699162271,17.338301404358653,1.0,2.0,4.0
residential,78.45544940668519,17.336061128948728,14.0,2.0,3.0
residential,78.45278640103984,17.322603725782038,1.0,2.0,3.0
residential,78.46826478456927,17.335254168326195,13.0,2.0,1.0
residential,78.47387823317855,17.383361455528945,5.0,2.0,1.0
residential,78.47434461564809,17.387805068258523,14.0,2.0,4.0
residential,78.47409216151338,17.38424899560447,14.0,2.0,1.0
residential,78.33330688197587,17.339271436725117,11.0,2.0,3.0
residential,78.32654222206027,17.337583579730836,,,
residential,78.47720005462708,17.382778544126033,13.0,2.0,4.0
residential,78.4804681935827,17.38026088118078,13.0,2.0,4.0
residential,78.46934579804457,17.391151781884673,1.0,2.0,1.0
residential,78.47843830762207,17.386038214296867,14.0,2.0,1.0
residential,78.49161092648914,17.39185465849403,1.0,2.0,4.0
residential,78.4777160153387,17.388785486764387,1.0,2.0,1.0
residential,78.47929941891815,17.383865355629226,14.0,2.0,1.0
residential,78.47225707147958,17.391188170129517,1.0,2.0,1.0
residential,78.4848219831136,17.3854650584859,5.0,2.0,4.0
residential,78.48850583197242,17.38973397739538,5.0,2.0,1.0
residential,78.49007840719352,17.38857441131733,14.0,2.0,4.0
residential,78.49261358153619,17.38550056519683,14.0,2.0,4.0
residential,78.45707016063098,17.393870235865304,13.0,2.0,4.0
residential,78.4603554932043,17.39586423108258,14.0,2.0,4.0
residential,78.46046850510203,17.401971904479993,14.0,2.0,4.0
residential,78.47175821961628,17.39614964833416,14.0,2.0,1.0
residential,78.46820215699474,17.384176569989606,14.0,2.0,4.0
residential,78.45741190677467,17.400758420969705,14.0,2.0,4.0
residential,78.45563416514499,17.39567933109688,13.0,2.0,1.0
residential,78.46397540885977,17.384528707305343,1.0,2.0,4.0
residential,78.45766567625445,17.387322199772676,14.0,2.0,4.0
residential,78.45863933314621,17.385277218735848,14.0,2.0,4.0
residential,78.46316907079289,17.385445570694525,14.0,2.0,4.0
residential,78.42120035854161,17.38284866659069,2.0,2.0,1.0
residential,78.42774887300024,17.393658559641217,13.0,2.0,1.0
residential,78.41969518374647,17.379787950342347,13.0,2.0,3.0
residential,78.42550006873321,17.3907169953289,13.0,2.0,4.0
residential,78.4257113976201,17.37874744708495,13.0,2.0,4.0
residential,78.41496792328076,17.38416775563059,1.0,2.0,4.0
residential,78.42837421210186,17.387000267815267,13.0,2.0,4.0
residential,78.40840212653616,17.396719289557947,13.0,2.0,3.0
residential,78.41764293719801,17.38782401095428,12.0,2.0,0.0
residential,78.41727794504239,17.39589865810279,1.0,2.0,4.0
residential,78.4180745522153,17.38983994213942,3.0,2.0,4.0
residential,78.4256660686287,17.393911865536964,13.0,2.0,4.0
residential,78.43085905819187,17.375319926302147,13.0,2.0,4.0
residential,78.42685888483122,17.374480364176804,13.0,2.0,4.0
residential,78.42203086212042,17.377484416127974,2.0,2.0,4.0
residential,78.40298948401059,17.40559400090917,14.0,2.0,1.0
residential,78.41841492293041,17.37561522171906,13.0,2.0,4.0
residential,78.41162019122609,17.399473477566843,14.0,2.0,4.0
residential,78.43660616296512,17.375018614837497,13.0,2.0,1.0
residential,78.40893641731695,17.381475086805143,13.0,2.0,3.0
residential,78.40774859591744,17.385874110051628,13.0,2.0,3.0
residential,78.40836403478504,17.384856023187865,1.0,2.0,3.0
residential,78.41120692849306,17.376851855943716,13.0,2.0,3.0
residential,78.4022413094581,17.3892999156,3.0,2.0,0.0
residential,78.3998314922908,17.392438821554205,13.0,2.0,3.0
residential,78.25210839070935,17.38463898652435,,,
residential,78.2757220044427,17.371720081782886,,,
residential,78.26236284971215,17.373742572848336,,,
residential,78.25349922088806,17.382373353911554,,,
residential,78.27681860781088,17.325933883710473,,,
residential,78.28811788454549,17.349725442190362,,,
residential,78.26008145886105,17.336589934597516,,,
residential,78.48113031260159,17.392612667504576,3.0,2.0,0.0
residential,78.4816553285342,17.39159545847282,14.0,2.0,4.0
residential,78.47846046556198,17.397038078564993,14.0,2.0,4.0
residential,78.48094306314779,17.395729143064926,1.0,2.0,4.0
residential,78.47471492871176,17.399819831246575,25.0,1.0,5.0
residential,78.48896241805392,17.40865114110787,2.0,2.0,4.0
residential,78.48095405107668,17.402589007718767,2.0,2.0,4.0
residential,78.48246782256307,17.40117213034184,14.0,2.0,4.0
residential,78.4633660042597,17.405151739004896,14.0,2.0,4.0
residential,78.46268742945978,17.403300105377788,14.0,2.0,4.0
residential,78.45540062629927,17.409329798371026,14.0,2.0,4.0
residential,78.45484265995483,17.408943766282455,1.0,2.0,4.0
residential,78.4545792862433,17.406443454416884,13.0,2.0,4.0
residential,78.459893720368,17.405258367639885,2.0,2.0,4.0
residential,78.29975520508762,17.358040303012253,,,
residential,78.38009627917164,17.338937715897572,13.0,2.0,3.0
residential,78.38197553856672,17.34125677485907,13.0,2.0,0.0
residential,78.38036367640214,17.342091414741763,13.0,2.0,0.0
residential,78.478081566066,17.250821762141186,2.0,2.0,0.0
residential,78.37965930605868,17.341707420613897,1.0,2.0,5.0
residential,78.40175122430206,17.35197405446268,13.0,2.0,3.0
residential,78.50413989686773,17.27936538979491,0.0,2.0,0.0
residential,78.46198181915538,17.417350669505584,14.0,2.0,4.0
residential,78.46209094211471,17.412101695566882,1.0,2.0,4.0
residential,78.46409545579107,17.409932517148807,13.0,2.0,4.0
residential,78.46109787670211,17.409922691105912,5.0,2.0,1.0
residential,78.46520664237636,17.408514554105945,1.0,2.0,4.0
residential,78.38229010280936,17.172520988923853,,,
residential,78.48984825111212,17.392435181467913,1.0,2.0,1.0
residential,78.30250815271444,17.187487918794115,,,
residential,78.34483162112403,17.392175848096535,1.0,2.0,5.0
residential,78.38686237270852,17.33487648914107,12.0,2.0,5.0
residential,78.37097513678016,17.4153991875908,13.0,2.0,5.0
residential,78.41908194551002,17.350013068201,1.0,2.0,4.0
residential,78.37752128170204,17.417052193985345,1.0,2.0,1.0
residential,78.37707869819323,17.40937392194787,13.0,2.0,5.0
residential,78.33831298626606,17.39010781856314,0.0,2.0,5.0
residential,78.36868519663184,17.414033419373048,13.0,2.0,5.0
residential,78.38930425531301,17.4081021183103,14.0,2.0,4.0
residential,78.4654102134881,17.404694282134848,14.0,2.0,4.0
residential,78.39685342173914,17.35015520756753,12.0,2.0,3.0
residential,78.44155691623881,17.38499517992862,2.0,2.0,4.0
residential,78.44894203030239,17.3925998568865,13.0,2.0,4.0
residential,78.44474240441043,17.398280632445985,1.0,2.0,4.0
residential,78.44415594049597,17.394469615284798,1.0,2.0,1.0
residential,78.44169108297464,17.394447459265656,14.0,1.0,1.0
residential,78.43910060343734,17.385330513719882,13.0,2.0,4.0
residential,78.43497051236585,17.387958064328714,14.0,2.0,3.0
residential,78.43493584957186,17.39226586299471,13.0,2.0,4.0
residential,78.49283568625623,17.27787964255409,0.0,2.0,0.0
residential,78.49788011729129,17.275642354492344,2.0,2.0,1.0
residential,78.49697568525343,17.27808166655079,0.0,2.0,0.0
residential,78.49986725325002,17.276342102579093,0.0,2.0,0.0
residential,78.3717734055739,17.339835402327687,1.0,2.0,5.0
residential,78.30173709699767,17.402673414267486,3.0,2.0,3.0
residential,78.33120006661349,17.40468204722536,1.0,1.0,5.0
residential,78.42282750299634,17.380133528513735,3.0,2.0,1.0
residential,78.3903284699619,17.402768466391827,13.0,2.0,4.0
residential,78.34688597489942,17.372338012874895,2.0,2.0,1.0
residential,78.34415415466283,17.379813530159645,1.0,2.0,0.0
residential,78.42057959752374,17.34208178272507,0.0,2.0,1.0
residential,78.32349324663845,17.40440944056666,1.0,2.0,5.0
residential,78.32611550856814,17.405500716913746,0.0,2.0,0.0
residential,78.37715002976192,17.38975742037438,1.0,2.0,3.0
residential,78.37525254219524,17.38918494513384,1.0,2.0,5.0
residential,78.37684031934785,17.381752704751243,1.0,2.0,1.0
residential,78.37933472540017,17.391904630850192,13.0,2.0,1.0
residential,78.37316071940491,17.383974670046246,12.0,2.0,3.0
residential,78.40633415456028,17.37079906211056,12.0,2.0,5.0
residential,78.40414021837462,17.362108823748233,13.0,2.0,1.0
residential,78.39850843229338,17.349311944213465,0.0,2.0,0.0
residential,78.3931062014409,17.348798341270502,1.0,2.0,3.0
residential,78.40312649520315,17.35235391964552,3.0,2.0,3.0
residential,78.39109759981204,17.348844337709608,13.0,2.0,3.0
residential,78.3936972521258,17.34414307281037,12.0,2.0,1.0
residential,78.39248678072651,17.34891841508866,13.0,2.0,3.0
residential,78.3956952673557,17.33623882137212,0.0,2.0,0.0
residential,78.38624016317358,17.335370919818317,1.0,2.0,5.0
residential,78.39459996883494,17.332461358364498,1.0,2.0,5.0
residential,78.37737052819763,17.333335287220134,0.0,2.0,0.0
residential,78.37061781727049,17.33469595649231,12.0,2.0,3.0
residential,78.37972473208977,17.336636022575455,0.0,2.0,3.0
residential,78.35685182124152,17.411331075980584,13.0,2.0,5.0
residential,78.37958241246336,17.338283752793416,0.0,2.0,3.0
residential,78.38933027869604,17.336399465092985,12.0,2.0,3.0
residential,78.39082692031951,17.33954684123205,12.0,2.0,5.0
residential,78.38545596593994,17.348952719876554,1.0,2.0,3.0
residential,78.3865139330113,17.349599630108106,2.0,2.0,3.0
residential,78.38626158671654,17.346150613294082,13.0,2.0,3.0
residential,78.38530287904257,17.347238143897894,1.0,2.0,3.0
residential,78.38837485637046,17.342049859663266,1.0,2.0,3.0
residential,78.3616282267757,17.34344486583895,0.0,2.0,3.0
residential,78.38882009731655,17.340984722425397,0.0,2.0,3.0
residential,78.38979715965866,17.35040662132971,13.0,2.0,5.0
residential,78.38363678881763,17.355822288842578,0.0,2.0,1.0
residential,78.3872041608454,17.35095464239298,13.0,2.0,0.0
residential,78.38048263867378,17.359602227410154,1.0,2.0,3.0
residential,78.3933206119245,17.369660243370824,13.0,2.0,4.0
residential,78.39168628106991,17.370070529195115,1.0,2.0,1.0
residential,78.38755930891699,17.36993675075878,13.0,2.0,3.0
residential,78.37457191508715,17.37190318885916,0.0,2.0,0.0
residential,78.36722384518414,17.37536300856534,13.0,2.0,5.0
residential,78.35778230615293,17.368870892586408,1.0,2.0,5.0
residential,78.37679535527606,17.35747160096337,13.0,2.0,5.0
residential,78.37479723082785,17.359870762258925,14.0,2.0,1.0
residential,78.37175216221227,17.36047065726121,1.0,2.0,1.0
residential,78.37469242228627,17.35742372265548,1.0,2.0,3.0
residential,78.37951017126848,17.363844307092585,12.0,2.0,3.0
residential,78.39153315166597,17.3625289323547,13.0,2.0,5.0
residential,78.37486344072374,17.367900443787146,1.0,2.0,3.0
residential,78.38404019708915,17.370318528464313,13.0,2.0,3.0
residential,78.3800612838443,17.368944501448045,1.0,2.0,3.0
residential,78.39782815696823,17.35439335559359,13.0,2.0,3.0
residential,78.3747856411376,17.407809023807197,13.0,2.0,5.0
residential,78.35656647147293,17.394538245266155,1.0,2.0,5.0
residential,78.45528809128793,17.403724348079894,2.0,2.0,1.0
residential,78.35603183005706,17.397055883178453,0.0,2.0,0.0
residential,78.32156450664155,17.349166009775892,,,
residential,78.3412626384513,17.40485762536731,0.0,2.0,3.0
residential,78.32407611678724,17.374550248709014,11.0,2.0,5.0
residential,78.33694848611324,17.389853201921614,1.0,2.0,0.0
residential,78.31459105252482,17.407354128265567,1.0,2.0,5.0
residential,78.34579659947467,17.382595454719524,0.0,2.0,1.0
residential,78.3488825045906,17.387950930913068,12.0,2.0,0.0
residential,78.33809991099473,17.38932359652302,13.0,2.0,5.0
residential,78.34045037623322,17.396382987817365,0.0,2.0,0.0
residential,78.34990059860303,17.40604306322061,11.0,2.0,3.0
residential,78.35067749533637,17.40185103165408,1.0,2.0,1.0
residential,78.3463831166431,17.40226736691542,12.0,2.0,3.0
residential,78.33785920874753,17.41314820643614,12.0,2.0,1.0
residential,78.34522785043235,17.412891944971,2.0,2.0,3.0
residential,78.33498261533224,17.413722938606742,0.0,2.0,1.0
residential,78.34042120335562,17.410698817794852,0.0,2.0,1.0
residential,78.34045856292786,17.414973545213602,1.0,2.0,1.0
residential,78.36443424529104,17.260574158647003,0.0,2.0,0.0
residential,78.36319424036083,17.261603746832762,0.0,2.0,0.0
residential,78.36128977240513,17.258604397273576,0.0,2.0,0.0
residential,78.3606820263878,17.262849702743146,0.0,2.0,0.0
residential,78.36289862019113,17.258308298592482,0.0,2.0,0.0
residential,78.36392543772614,17.26034042096666,3.0,2.0,0.0
residential,78.31815589598173,17.305317276789737,,,
residential,78.41283374071233,17.373757879375706,1.0,2.0,1.0
residential,78.38141349303815,17.35657693240881,0.0,2.0,0.0
residential,78.34326850249624,17.399729471438224,1.0,2.0,1.0
residential,78.33958693459043,17.391292762031334,0.0,2.0,1.0
residential,78.3351213400328,17.3905835265959,0.0,2.0,3.0
residential,78.33858197895637,17.387592781133353,0.0,2.0,5.0
residential,78.34186056584574,17.38857344919332,1.0,2.0,1.0
residential,78.32296761912055,17.392539678171193,0.0,2.0,1.0
residential,78.33136713592634,17.390193821848783,13.0,2.0,3.0
residential,78.33587515005722,17.383699270804073,12.0,2.0,5.0
residential,78.32968982695552,17.38718490947152,13.0,2.0,5.0
residential,78.32707434831298,17.383798460658564,2.0,2.0,5.0
residential,78.32850591635359,17.385643527409766,12.0,2.0,1.0
residential,78.32795635346508,17.385284958883382,12.0,2.0,4.0
residential,78.3200023384934,17.387693942444198,0.0,2.0,0.0
residential,78.32341003389152,17.387879663318227,13.0,2.0,3.0
residential,78.32412652470737,17.383567916001244,12.0,2.0,1.0
residential,78.3215131598188,17.383795215265415,13.0,2.0,3.0
residential,78.32306784039756,17.38243398617412,2.0,2.0,5.0
residential,78.32298581898776,17.381046405829213,1.0,2.0,3.0
residential,78.32525215238371,17.382650806771686,12.0,2.0,0.0
residential,78.33741243536258,17.39917837620123,3.0,2.0,0.0
residential,78.33924711257303,17.412727609672622,1.0,2.0,1.0
residential,78.35572839257979,17.377388458843836,1.0,2.0,1.0
residential,78.34688277789304,17.400188899487393,0.0,2.0,5.0
residential,78.34768904553079,17.399904143454147,12.0,2.0,3.0
residential,78.35026755523256,17.399808900358327,12.0,2.0,1.0
residential,78.35794736996529,17.39819258079142,2.0,2.0,1.0
residential,78.3837583565942,17.33786791299369,3.0,2.0,3.0
residential,78.35526631363734,17.39678624068264,0.0,0.0,0.0
residential,78.4013854928669,17.403980559570474,13.0,2.0,4.0
residential,78.40374445124783,17.404874011879418,14.0,2.0,1.0
residential,78.42179487432314,17.367098290112537,1.0,2.0,1.0
residential,78.42290405593965,17.367737844878413,14.0,2.0,4.0
residential,78.37922386640695,17.41427261652225,13.0,2.0,5.0
residential,78.37538335681748,17.40386200281721,13.0,1.0,3.0
residential,78.41487819508221,17.34534437654227,1.0,2.0,4.0
residential,78.34313451684477,17.38604617966417,12.0,2.0,1.0
residential,78.33716750819384,17.39491946186909,2.0,2.0,4.0
residential,78.48386126391408,17.396233447167496,14.0,2.0,1.0
residential,78.42241473048546,17.370347097688107,14.0,2.0,1.0
residential,78.41659398390841,17.34597620958093,14.0,2.0,1.0
residential,78.41745370204625,17.36621274497089,13.0,2.0,1.0
residential,78.45717281684232,17.410907097920926,14.0,2.0,4.0
residential,78.42338579579753,17.355567934148272,14.0,2.0,1.0
residential,78.37431480595689,17.40425759492332,23.0,1.0,1.0
residential,78.38171256245647,17.353547030093193,13.0,2.0,3.0
residential,78.49565291008672,17.407644039969725,13.0,2.0,4.0
residential,78.41795070876923,17.355323414438807,14.0,2.0,4.0
residential,78.43824664571049,17.40806865481165,14.0,2.0,4.0
residential,78.38267903237971,17.404094571584718,14.0,2.0,4.0
residential,78.42645631719961,17.367024490039235,14.0,2.0,4.0
residential,78.36382224986882,17.417413322105993,0.0,2.0,1.0
residential,78.41568457020992,17.307275860374702,0.0,0.0,0.0
residential,78.4927630574362,17.210728641189537,,,
residential,78.45905190877228,17.174421847451555,,,
residential,78.48216201445419,17.17957198494975,,,
residential,78.48647735262514,17.176250503162496,,,
residential,78.48958236743994,17.19388765793272,,,
residential,78.35926413798047,17.382041318018796,2.0,2.0,1.0
residential,78.33040070970036,17.401612612872434,12.0,1.0,5.0
residential,78.45435828476576,17.25156927733331,0.0,0.0,0.0
residential,78.45973217526574,17.25071819706418,0.0,0.0,0.0
residential,78.45347722822795,17.261893082451547,0.0,0.0,0.0
residential,78.47092903971456,17.260216207546634,13.0,2.0,3.0
residential,78.39344527775857,17.307423257414207,0.0,2.0,0.0
residential,78.39587397260749,17.306773487001585,0.0,2.0,0.0
residential,78.39225864818555,17.30450788869215,11.0,2.0,0.0
residential,78.390160227834,17.310421565088387,0.0,2.0,1.0
residential,78.32192030825001,17.38499004728141,13.0,2.0,3.0
residential,78.31846130326113,17.38455984076056,1.0,2.0,3.0
residential,78.31912298843137,17.38561234285992,0.0,2.0,0.0
residential,78.32646343944495,17.362481349364195,0.0,2.0,0.0
residential,78.32789100194944,17.364714737372992,0.0,0.0,0.0
residential,78.47264278748986,17.43922720131014,14.0,2.0,3.0
residential,78.48672342559864,17.434123235783893,14.0,2.0,4.0
residential,78.38311070288702,17.562120546828986,,,
residential,78.31075598486807,17.47377048705769,14.0,2.0,5.0
residential,78.30379052011598,17.460499806876307,1.0,2.0,1.0
residential,78.46089761463801,17.42506414550313,14.0,2.0,4.0
residential,78.38337140995755,17.447772534465845,14.0,2.0,1.0
residential,78.39007585615393,17.436962922261724,14.0,2.0,5.0
residential,78.39037913773892,17.43841640013018,14.0,1.0,1.0
residential,78.39046410812942,17.439968029033228,1.0,2.0,4.0
residential,78.4840580886408,17.463802894475595,13.0,1.0,4.0
residential,78.48586052996278,17.464131896824984,3.0,2.0,0.0
residential,78.50175727564508,17.48123564688639,13.0,2.0,4.0
residential,78.498196957441,17.483742266965706,14.0,2.0,4.0
residential,78.49347522459095,17.480335880050728,14.0,2.0,5.0
residential,78.37105288079489,17.45928997727269,1.0,2.0,5.0
residential,78.39267274543342,17.43956886926747,1.0,2.0,4.0
residential,78.36404193692405,17.489219804342795,2.0,2.0,1.0
residential,78.35469539785834,17.482021030020615,1.0,2.0,3.0
residential,78.35391249048357,17.480792659621375,1.0,2.0,3.0
residential,78.36191133921622,17.478328936076196,5.0,2.0,1.0
residential,78.35863044864207,17.47755689925425,1.0,2.0,3.0
residential,78.41202226342769,17.482704736414103,14.0,2.0,4.0
residential,78.40774580810277,17.484650750655558,13.0,2.0,3.0
residential,78.38590524079056,17.475055060719622,13.0,2.0,4.0
residential,78.39106216268378,17.480933418369993,14.0,2.0,4.0
residential,78.32956426886595,17.4279647982699,2.0,2.0,5.0
residential,78.34024481329551,17.421045640274656,15.0,2.0,1.0
residential,78.32770105240526,17.429536442919517,13.0,2.0,1.0
residential,78.3470294790033,17.42165796661124,1.0,2.0,5.0
residential,78.42261234902918,17.474496833444263,14.0,2.0,4.0
residential,78.36882056537075,17.506733231315675,13.0,2.0,3.0
residential,78.40244051047803,17.500709521575292,1.0,2.0,4.0
residential,78.46808829462884,17.462633742319735,13.0,2.0,5.0
residential,78.49291821420128,17.454788233069344,13.0,2.0,1.0
residential,78.4861828984437,17.53328324570464,,,
residential,78.49561821389426,17.611708301680935,,,
residential,78.49316179918254,17.614773333213286,,,
residential,78.50176087393028,17.62486720222554,,,
residential,78.48565652930903,17.61531096377081,,,
residential,78.49794289940063,17.61640347763693,,,
residential,78.502199900547,17.624873522818437,,,
residential,78.4949783105382,17.613570881336035,,,
residential,78.4956353754325,17.612254727788976,,,
residential,78.48388909252158,17.60194528942899,,,
residential,78.4885123071949,17.606897453034165,,,
residential,78.48494797550555,17.603179757731155,,,
residential,78.3459228073755,17.46028525991366,2.0,2.0,3.0
residential,78.34975347771618,17.463742715367623,14.0,2.0,5.0
residential,78.39373390290153,17.489615480300266,14.0,1.0,4.0
residential,78.39488872294606,17.441025814136896,1.0,2.0,4.0
residential,78.41982529323278,17.493737866083436,1.0,2.0,1.0
residential,78.35745597367713,17.44403281793161,13.0,2.0,5.0
residential,78.35961581123473,17.442972668415525,14.0,2.0,4.0
residential,78.34681472424833,17.49593218123626,14.0,2.0,4.0
residential,78.48876248534305,17.440432040907833,14.0,2.0,4.0
residential,78.31440124225469,17.493365322986055,11.0,2.0,1.0
residential,78.36196889927119,17.510930825583237,13.0,1.0,4.0
residential,78.36171639228533,17.512364000303027,13.0,2.0,1.0
residential,78.39099791927002,17.475188973903574,1.0,2.0,1.0
residential,78.48018611039346,17.440071040474038,13.0,2.0,4.0
residential,78.40108466933565,17.53539200837011,,,
residential,78.3957772031548,17.53547610756194,,,
residential,78.48269312792536,17.43861284311159,3.0,2.0,4.0
residential,78.48452141619006,17.435761131320348,14.0,2.0,4.0
residential,78.48025728256923,17.44096542012265,2.0,2.0,1.0
residential,78.48720894153875,17.43788163688755,14.0,2.0,4.0
residential,78.48513436296398,17.435363707698567,2.0,2.0,4.0
residential,78.48651608800675,17.434749451237266,14.0,2.0,4.0
residential,78.48554584690974,17.43646398763427,14.0,2.0,4.0
residential,78.48756140443906,17.435216325569293,14.0,2.0,4.0
residential,78.48629190176814,17.433822910228933,1.0,1.0,4.0
residential,78.48619361429154,17.43596207863088,14.0,2.0,4.0
residential,78.48326537964162,17.442248156967533,1.0,2.0,4.0
residential,78.37309713484262,17.46349105048707,13.0,2.0,0.0
residential,78.47736578456198,17.450340860666113,13.0,2.0,4.0
residential,78.37139292704124,17.46615858588329,14.0,2.0,4.0
residential,78.36295608972983,17.5295065917588,,,
residential,78.38047979325523,17.477627136211098,15.0,2.0,0.0
residential,78.34522250458186,17.442154503206677,15.0,2.0,4.0
residential,78.45158073391677,17.599364838761883,,,
residential,78.38939625755631,17.53098731122821,,,
residential,78.36110266814747,17.42088671843207,1.0,2.0,1.0
residential,78.34615394448038,17.440070349639228,1.0,2.0,5.0
residential,78.3815945925534,17.56490166730749,,,
residential,78.3651919183422,17.445817184218257,1.0,2.0,1.0
residential,78.37212898589316,17.489697026685473,13.0,2.0,1.0
residential,78.37152496776702,17.463000712181238,14.0,2.0,5.0
residential,78.36819252421657,17.417326185366527,1.0,2.0,5.0
residential,78.37912702817901,17.531685253676443,,,
residential,78.39386876811058,17.474552631541645,13.0,2.0,1.0
residential,78.3610743059194,17.52843565993604,,,
residential,78.34041900319195,17.423681158979097,1.0,2.0,4.0
residential,78.3534340369828,17.50046787229314,1.0,2.0,5.0
residential,78.32677400100876,17.507008502961742,13.0,2.0,5.0
residential,78.36989826549775,17.540792402170034,,,
residential,78.30993188843028,17.47229396408926,13.0,2.0,5.0
residential,78.31121799902122,17.46296841649932,2.0,2.0,1.0
residential,78.26255299152515,17.426210261386704,0.0,2.0,3.0
residential,78.30930598078784,17.555535903406533,,,
residential,78.32509445248213,17.484106797040546,2.0,2.0,3.0
residential,78.493839726797,17.441098394464124,14.0,2.0,4.0
residential,78.49754455355136,17.44179772835412,1.0,2.0,1.0
residential,78.49079990305253,17.442552098003265,14.0,2.0,1.0
residential,78.28065698341307,17.660115453563208,,,
residential,78.37760016335554,17.43150666173175,1.0,2.0,5.0
residential,78.4869633212969,17.42752737908234,13.0,2.0,1.0
residential,78.48350352394206,17.43497751275879,13.0,2.0,4.0
residential,78.48760807660494,17.431488802502308,1.0,2.0,1.0
residential,78.4897475577029,17.430952421089277,13.0,2.0,4.0
residential,78.47716657523553,17.437928802816344,1.0,2.0,3.0
residential,78.46837125627454,17.440206093741107,14.0,2.0,4.0
residential,78.46371036942992,17.43750030127196,2.0,2.0,5.0
residential,78.46470942858994,17.440242385932322,14.0,2.0,0.0
residential,78.46156067320948,17.438860210922215,1.0,2.0,4.0
residential,78.46368273046829,17.435100519240123,14.0,2.0,4.0
residential,78.46258602972595,17.43578878322668,14.0,2.0,4.0
residential,78.45963568516876,17.435707990195926,14.0,2.0,4.0
residential,78.46012795351868,17.424039248775244,14.0,2.0,4.0
residential,78.45959129386077,17.43287028798862,13.0,2.0,1.0
residential,78.45977732987106,17.428130771568267,14.0,2.0,1.0
residential,78.46098419309682,17.421851027276954,14.0,2.0,4.0
residential,78.46431624994649,17.42010784812143,1.0,2.0,4.0
residential,78.46272694958994,17.41709349157609,1.0,2.0,4.0
residential,78.45668159489175,17.431476147638378,14.0,2.0,1.0
residential,78.45726107693923,17.436606213097246,2.0,2.0,4.0
residential,78.45869136570809,17.435245516092635,3.0,1.0,1.0
residential,78.45589776686205,17.43451117256588,5.0,1.0,1.0
residential,78.45848151569065,17.434725939770928,14.0,2.0,1.0
residential,78.25841097432401,17.537677604311067,,,
residential,78.47835181863763,17.54180893299671,,,
residential,78.44685831320729,17.492004753682494,14.0,2.0,5.0
residential,78.35240794163923,17.46510371770192,1.0,2.0,1.0
residential,78.33199074503754,17.434952576157666,1.0,2.0,5.0
residential,78.43019960870548,17.454749797166436,14.0,1.0,4.0
residential,78.44860107968645,17.455854257509426,13.0,2.0,1.0
residential,78.31400598510764,17.473327154096697,13.0,2.0,5.0
residential,78.42109122704848,17.53298375101619,,,
residential,78.40884200118958,17.46739909474724,1.0,2.0,0.0
residential,78.37459082452125,17.477180266319408,1.0,2.0,5.0
residential,78.40961238620021,17.50118323878606,14.0,2.0,4.0
residential,78.38954141610554,17.43877077391987,15.0,2.0,4.0
residential,78.36745657150509,17.509195973690176,14.0,2.0,4.0
residential,78.37032326393454,17.462775540720596,14.0,2.0,5.0
residential,78.36832995953144,17.44250771131237,1.0,2.0,1.0
residential,78.35347675543822,17.41999826392104,1.0,1.0,1.0
residential,78.36438898884786,17.552042918638918,,,
residential,78.3770683644722,17.41581693802525,1.0,2.0,1.0
residential,78.33780520662415,17.4911225101336,15.0,2.0,1.0
residential,78.3673474647068,17.43848338114817,1.0,2.0,4.0
residential,78.3635266685901,17.546332167795878,,,
residential,78.38366203265404,17.43297942867865,1.0,2.0,1.0
residential,78.36227437499515,17.4610617877789,13.0,2.0,5.0
residential,78.37938705174008,17.479091537193394,1.0,2.0,0.0
residential,78.30045560787525,17.454859288207228,14.0,2.0,5.0
residential,78.36450381263593,17.503684552126284,1.0,2.0,1.0
residential,78.34178966271494,17.490198673588655,14.0,2.0,1.0
residential,78.38911759613832,17.44709681124543,13.0,2.0,3.0
residential,78.38059168805772,17.48203572001321,13.0,2.0,5.0
residential,78.30484796423454,17.461322269587633,12.0,2.0,1.0
residential,78.42878896316243,17.53008531624536,,,
residential,78.35342240545934,17.48794215474793,1.0,2.0,1.0
residential,78.35948178339953,17.48414920736366,5.0,2.0,5.0
residential,78.49961899609022,17.487957039797138,13.0,2.0,3.0
residential,78.3439713209401,17.470285962281572,12.0,2.0,5.0
residential,78.38247571193081,17.444708588335804,14.0,1.0,1.0
residential,78.38569829748299,17.44055943986284,14.0,2.0,4.0
residential,78.38636060930385,17.441062035630697,14.0,2.0,5.0
residential,78.38607083989872,17.44034385351303,14.0,2.0,4.0
residential,78.38660951751037,17.440255044175895,14.0,2.0,4.0
residential,78.38707973646481,17.43819766793383,2.0,2.0,4.0
residential,78.38767114088358,17.43740630538056,1.0,2.0,4.0
residential,78.38944933203834,17.43817906937619,14.0,2.0,4.0
residential,78.39144834097998,17.439388023319914,15.0,2.0,4.0
residential,78.39114019205216,17.438685486557976,15.0,2.0,4.0
residential,78.40125603580456,17.438851580134507,14.0,2.0,4.0
residential,78.30995175130924,17.480228389438818,3.0,2.0,5.0
residential,78.38858101823608,17.513409343572587,1.0,2.0,4.0
residential,78.34758232362995,17.424574068914364,13.0,2.0,1.0
residential,78.31217785861426,17.535698277813864,,,
residential,78.34885382210234,17.42248237377585,1.0,2.0,1.0
residential,78.35200371124292,17.500634713983484,14.0,2.0,5.0
residential,78.36973468346642,17.445509628026603,14.0,2.0,5.0
residential,78.48601347152434,17.508278699551823,0.0,0.0,0.0
residential,78.48876759405755,17.509324406236075,0.0,0.0,0.0
residential,78.38804000890936,17.439844265404368,1.0,2.0,4.0
residential,78.38984967131269,17.44522392235827,2.0,2.0,5.0
residential,78.40063262419041,17.447299153862406,13.0,1.0,1.0
residential,78.39909009295938,17.450546761777076,13.0,2.0,3.0
residential,78.40089021070361,17.434582743429356,2.0,2.0,4.0
residential,78.40023396610172,17.439069607778276,13.0,2.0,4.0
residential,78.40201153585022,17.45065814052097,3.0,2.0,1.0
residential,78.35635072267416,17.50330055906667,3.0,2.0,1.0
residential,78.42070720257543,17.520810983617437,,,
residential,78.39401600248551,17.523508553025614,,,
residential,78.38184404577437,17.50587587168106,14.0,2.0,4.0
residential,78.35499604126166,17.49219541626774,2.0,2.0,4.0
residential,78.35558528747337,17.490930188641688,14.0,2.0,4.0
residential,78.35529374605687,17.493141752925613,14.0,2.0,4.0
residential,78.36218394365264,17.458972766639956,0.0,2.0,1.0
residential,78.39672938682956,17.543357391222163,,,
residential,78.38794809481385,17.560979931176288,,,
residential,78.38821999033733,17.563092752664566,,,
residential,78.39122875771444,17.561602522661506,,,
residential,78.39095567326504,17.55913141193488,,,
residential,78.38472695318802,17.569002652176316,,,
residential,78.38499379552441,17.441174099398108,1.0,2.0,4.0
residential,78.3658623810913,17.418876091026952,13.0,2.0,5.0
residential,78.37527796830766,17.42346878677274,13.0,2.0,5.0
residential,78.37157517622401,17.548431617187912,,,
residential,78.39060665854551,17.506267850028717,0.0,2.0,3.0
residential,78.37728996459343,17.52173066623498,,,
residential,78.35868610346803,17.44334723949608,14.0,2.0,5.0
residential,78.3918684945573,17.535433768613363,,,
residential,78.38411918039557,17.53142162694393,,,
residential,78.38741349694216,17.50378277897465,14.0,1.0,4.0
residential,78.38686235425514,17.504088690454797,14.0,2.0,4.0
residential,78.36274003643553,17.50679823683124,14.0,2.0,5.0
residential,78.40108637502668,17.537417735362226,,,
residential,78.39423935421577,17.52771796699706,,,
residential,78.32381409946282,17.505692744930936,0.0,2.0,0.0
residential,78.36971990467838,17.464793268030395,14.0,2.0,5.0
residential,78.36774665154859,17.476631026072468,13.0,2.0,5.0
residential,78.34376474441488,17.441103987598353,14.0,2.0,5.0
residential,78.30607308114813,17.472508228255787,12.0,2.0,5.0
residential,78.31389267022662,17.48099856130638,1.0,2.0,1.0
residential,78.37399590058095,17.434933929077022,13.0,2.0,1.0
residential,78.33668476846141,17.46399649992535,12.0,2.0,5.0
residential,78.35328563750818,17.493916345984655,14.0,2.0,1.0
residential,78.48843653858711,17.442840759273757,2.0,1.0,1.0
residential,78.36906074094172,17.45582691607621,1.0,2.0,4.0
residential,78.39131607445765,17.542221453221345,,,
residential,78.39209674907089,17.573686235975945,,,
residential,78.3992505475841,17.571396917548586,,,
residential,78.38234830606334,17.563723381347625,,,
residential,78.38113267023786,17.55143427913399,,,
residential,78.39102357418935,17.554583358707596,,,
residential,78.43184182375104,17.577247843250905,,,
residential,78.37699134716175,17.519425833798703,,,
residential,78.26317914316736,17.46347511985176,11.0,2.0,1.0
residential,78.28669571129049,17.453477444689696,12.0,2.0,5.0
residential,78.28416655915538,17.4504680308616,11.0,2.0,1.0
residential,78.28163817004963,17.451531067627194,2.0,2.0,3.0
residential,78.27709287395565,17.449617564840846,12.0,2.0,5.0
residential,78.25704899049009,17.436856058979945,11.0,2.0,5.0
residential,78.35342378078576,17.420981442895418,23.0,1.0,1.0
residential,78.4087940641084,17.469384777025795,1.0,2.0,1.0
residential,78.49468972472012,17.571226281066572,,,
residential,78.35157174385915,17.422451904157583,0.0,2.0,1.0
residential,78.35129143148004,17.41908806455117,13.0,2.0,3.0
residential,78.36859486725044,17.447187774096136,1.0,2.0,1.0
residential,78.39474014269351,17.4887290519259,3.0,2.0,0.0
residential,78.40020967621366,17.490310857411462,1.0,2.0,0.0
residential,78.39990321365076,17.486322009112925,2.0,2.0,1.0
residential,78.39824100691177,17.453181737661183,14.0,2.0,3.0
residential,78.39159629476876,17.461423086598437,1.0,2.0,1.0
residential,78.39371317945108,17.465351750854502,12.0,2.0,0.0
residential,78.28303456656577,17.476954736223053,2.0,1.0,3.0
residential,78.28640035442311,17.481687904367906,2.0,1.0,3.0
residential,78.28141476223492,17.4814332794407,23.0,1.0,3.0
residential,78.3126336744651,17.46981395484589,12.0,2.0,5.0
residential,78.31160902547008,17.467670315612978,1.0,2.0,1.0
residential,78.31134550748784,17.46525051959842,13.0,2.0,5.0
residential,78.28294932633685,17.44533313761217,0.0,1.0,5.0
residential,78.28701314933022,17.43536136230543,11.0,2.0,5.0
residential,78.28471295552366,17.438030096788946,0.0,2.0,1.0
residential,78.26949538836816,17.44603454040109,11.0,2.0,1.0
residential,78.26978049172048,17.437651492805404,2.0,2.0,0.0
residential,78.36957250223227,17.459699494410163,1.0,2.0,1.0
residential,78.49286987023443,17.481562338322757,14.0,1.0,5.0
residential,78.49379652100369,17.482121470196624,1.0,1.0,3.0
residential,78.49367221808059,17.481605689809477,24.0,1.0,5.0
residential,78.49354600511725,17.48104288482996,24.0,1.0,5.0
residential,78.49317720060888,17.48108603588417,24.0,1.0,5.0
residential,78.44153027862855,17.51908843557452,,,
residential,78.44235613085928,17.519138177583752,,,
residential,78.34493938275118,17.465268762228597,13.0,2.0,5.0
residential,78.33680635827261,17.497313175131055,1.0,2.0,5.0
residential,78.49184797583399,17.569545421125113,,,
residential,78.48841722309639,17.572487804959497,,,
residential,78.48967279639905,17.573750889133837,,,
residential,78.37021209710689,17.485020890073145,3.0,2.0,0.0
residential,78.44644021499768,17.491937572208656,14.0,2.0,0.0
residential,78.4459204914601,17.492719454573155,3.0,2.0,0.0
residential,78.29484381733225,17.4547558874189,13.0,2.0,5.0
residential,78.29281025072166,17.453855901560168,13.0,1.0,5.0
residential,78.27632113361516,17.450737665930504,0.0,2.0,0.0
residential,78.28479376524021,17.45776249181282,1.0,2.0,5.0
residential,78.28071440171122,17.46827230649741,0.0,2.0,5.0
residential,78.3815890343606,17.61021638620594,,,
residential,78.38314297416713,17.465789719309182,24.0,1.0,0.0
residential,78.48919816829884,17.46410414476792,2.0,2.0,4.0
residential,78.27206995127506,17.450444014194193,0.0,0.0,0.0
residential,78.27199518498509,17.452924685465067,0.0,0.0,1.0
residential,78.27518708913799,17.450072478602728,0.0,2.0,0.0
residential,78.35001144137681,17.47089999186094,3.0,2.0,3.0
residential,78.36427769825518,17.528743298967026,,,
residential,78.47680752463907,17.501044878630896,23.0,1.0,1.0
residential,78.48160481196358,17.52978323607267,,,
residential,78.45974988671887,17.49933831185204,14.0,2.0,4.0
residential,78.32435070275828,17.515896604500966,0.0,2.0,0.0
residential,78.4792398030525,17.544704279726698,,,
residential,78.4605908359599,17.445828849140195,14.0,2.0,4.0
residential,78.3415127123762,17.51513353649707,13.0,2.0,0.0
residential,78.49457077025451,17.543097776375788,,,
residential,78.30574603375938,17.461016301508774,1.0,2.0,5.0
residential,78.31086067247632,17.471481508822,2.0,2.0,5.0
residential,78.45282987557273,17.489583914283042,14.0,2.0,1.0
residential,78.30476623888137,17.458361548491023,1.0,2.0,1.0
residential,78.27965495163998,17.468477637789807,0.0,2.0,1.0
residential,78.28835459333067,17.469942643500524,2.0,2.0,1.0
residential,78.34999992513933,17.43924576346524,13.0,2.0,1.0
residential,78.46902216414843,17.50874836749459,0.0,2.0,0.0
residential,78.48855035022025,17.538024753486752,,,
residential,78.48128154156088,17.527530212116318,,,
residential,78.314253871564,17.504164864566725,13.0,2.0,4.0
residential,78.48362992292869,17.525858424450938,,,
residential,78.40300895882174,17.425620513725907,14.0,2.0,1.0
residential,78.44574911640575,17.530377567945365,,,
residential,78.34444318290966,17.48054125020988,3.0,2.0,0.0
residential,78.33471969028056,17.504837038045455,14.0,2.0,5.0
residential,78.4774836465397,17.532251001330618,,,
residential,78.46920733547428,17.510057380572626,0.0,2.0,0.0
residential,78.37484753612621,17.50895871405257,2.0,2.0,3.0
residential,78.36734193459769,17.452628426354256,14.0,2.0,4.0
residential,78.3782956148066,17.465712626067987,13.0,2.0,4.0
residential,78.44522447078243,17.530200051516953,,,
residential,78.35663885297146,17.436431322762378,13.0,2.0,1.0
residential,78.48458802190439,17.473878589357714,13.0,2.0,4.0
residential,78.35880564375486,17.52732395710464,,,
residential,78.36006701760678,17.49327183160192,14.0,2.0,4.0
residential,78.46895188113012,17.509479735943682,0.0,2.0,0.0
residential,78.41744777103048,17.47368481776598,14.0,2.0,4.0
residential,78.33593930430516,17.498792582266628,14.0,2.0,5.0
residential,78.43613328404987,17.430888248213837,13.0,2.0,4.0
residential,78.32321402186888,17.48853780005033,14.0,2.0,3.0
residential,78.31661526809243,17.499415576693067,13.0,2.0,4.0
residential,78.46000675451155,17.418306846002476,14.0,2.0,1.0
residential,78.28120233692292,17.455435887303945,3.0,2.0,0.0
residential,78.28169350159304,17.454258905137447,1.0,2.0,3.0
residential,78.3647766672105,17.53730765309626,,,
residential,78.37989155297268,17.445366758609694,25.0,2.0,4.0
residential,78.4503902996989,17.447211501407747,1.0,2.0,4.0
residential,78.39574983201854,17.538282204955102,,,
residential,78.42463216940003,17.52436144805791,,,
residential,78.39155826299194,17.5187490856904,,,
residential,78.33781189686704,17.46489145629803,0.0,2.0,0.0
residential,78.47958361661193,17.50113660599775,13.0,1.0,5.0
residential,78.40416571169057,17.49384158571487,14.0,1.0,4.0
residential,78.40388629110981,17.425178592882908,14.0,2.0,4.0
residential,78.30611188366044,17.459874942013798,1.0,2.0,1.0
residential,78.48854614344121,17.56246219392579,,,
residential,78.3222341554595,17.50013520687001,13.0,2.0,5.0
residential,78.43810699574291,17.44956957451328,13.0,2.0,4.0
residential,78.48002472055454,17.503113212868463,13.0,2.0,1.0
residential,78.33509800268253,17.468788745241188,1.0,2.0,1.0
residential,78.341980486045,17.468996410175635,13.0,2.0,3.0
residential,78.46350592955184,17.440605037731544,14.0,2.0,4.0
residential,78.48707481036637,17.53149619898681,,,
residential,78.30208709918313,17.532398916230957,,,
residential,78.36361461137446,17.4171947344693,0.0,2.0,1.0
residential,78.26698441008598,17.44204693664098,0.0,2.0,0.0
residential,78.25980114443227,17.46969911660134,0.0,0.0,0.0
residential,78.28302545319198,17.448900838996728,11.0,2.0,1.0
residential,78.36482589559418,17.505773832744037,2.0,2.0,0.0
residential,78.28262756000761,17.43193793548063,0.0,0.0,0.0
residential,78.2871202596499,17.438309642840295,0.0,2.0,0.0
residential,78.26335007899125,17.45277364527649,0.0,0.0,0.0
residential,78.40377140352435,17.50715473257277,13.0,2.0,3.0
residential,78.29101331637436,17.455000473173442,1.0,2.0,5.0
residential,78.29074784392303,17.456618293611992,1.0,2.0,1.0
residential,78.30047611251103,17.453708431017056,1.0,2.0,5.0
residential,78.26290996905693,17.44453896622164,3.0,2.0,5.0
residential,78.25552902018028,17.444298918624128,11.0,2.0,1.0
residential,78.31044486975253,17.467994935151463,1.0,2.0,5.0
residential,78.27677988614612,17.439818523028094,0.0,2.0,0.0
residential,78.25376630849951,17.446146029520566,11.0,2.0,5.0
residential,78.28020729887513,17.467869348056375,11.0,0.0,0.0
residential,78.28085695660519,17.467893430554096,0.0,2.0,0.0
residential,78.25241399544703,17.447441069052392,0.0,2.0,1.0
residential,78.2942686297575,17.43822619790302,11.0,2.0,1.0
residential,78.32947147051821,17.431784264743538,1.0,2.0,5.0
residential,78.36405076966162,17.50421053588697,0.0,2.0,0.0
residential,78.36294219808241,17.50370452045696,13.0,2.0,5.0
residential,78.36348289657556,17.503239863116683,13.0,2.0,5.0
residential,78.30137768347264,17.450524826920066,0.0,2.0,1.0
residential,78.3016322456574,17.45180359657205,3.0,2.0,1.0
residential,78.28347685435126,17.439516372273843,0.0,0.0,0.0
residential,78.30037152568379,17.450139703805092,1.0,2.0,3.0
residential,78.29932552837529,17.455569451407843,12.0,2.0,5.0
residential,78.2781643045236,17.433419193205822,0.0,0.0,0.0
residential,78.28598338179326,17.436366341730576,0.0,2.0,0.0
residential,78.28636708292358,17.440934976496084,0.0,2.0,3.0
residential,78.34748373991174,17.458799206581965,1.0,2.0,5.0
residential,78.34834394477123,17.460611724636365,23.0,1.0,5.0
residential,78.3743654663398,17.426315144250417,1.0,2.0,1.0
residential,78.35938602525299,17.52607412897761,,,
residential,78.3571549144636,17.525117352984456,,,
residential,78.35807366437975,17.524364458626906,,,
residential,78.29929901235994,17.63247869685479,,,
residential,78.34575425426766,17.480548121859034,3.0,2.0,0.0
residential,78.37336955325604,17.54501475896153,,,
residential,78.35355804424299,17.487042786325173,14.0,2.0,4.0
residential,78.3391635266612,17.486023288752715,3.0,2.0,1.0
residential,78.34754742641461,17.474808743946205,2.0,2.0,1.0
residential,78.37759017883955,17.47562868211701,3.0,2.0,0.0
residential,78.37688170049879,17.476248428252653,1.0,2.0,5.0
residential,78.27246056052964,17.55287509601915,,,
residential,78.41501100613324,17.814267401212717,,,
residential,78.41561009107949,17.766576046360328,,,
residential,78.39515984532443,17.7439384580246,,,
residential,78.47123566817416,17.743347129497025,,,
residential,78.46754520819262,17.767464003675094,,,
residential,78.47453820685428,17.757512130756837,,,
residential,78.4429839867179,17.76359396911672,,,
residential,78.45585619575803,17.75515882203644,,,
residential,78.45905481440232,17.753965472479447,,,
residential,78.46786968025354,17.880099740748786,,,
residential,78.47558901735015,17.825005788559228,,,
residential,78.47753285181274,17.84093773053216,,,
residential,78.47781885513972,17.840725407492528,,,
residential,78.47635216222335,17.837439670474183,,,
residential,78.48290767590427,17.840234050683993,,,
residential,78.46609744465228,17.818428311910097,,,
residential,78.35665079314809,17.758040433186142,,,
residential,78.3630803537275,17.757530578564097,,,
residential,78.37133033881692,17.75780055053965,,,
residential,78.38027186892603,17.75518673575893,,,
residential,78.35835397109784,17.75804599466592,,,
residential,78.37164173002834,17.761355622748535,,,
residential,78.43634011226786,17.758355519223326,,,
residential,78.43315662000913,17.745345181977303,,,
residential,78.48976319734558,17.735128082098747,,,
residential,78.46735852122231,17.729051764547382,,,
residential,78.45124986961959,17.696433242233052,,,
residential,78.4607230351133,17.6871465311455,,,
residential,78.44262838049444,17.68271534521236,,,
residential,78.47007515641964,17.67271360048639,,,
residential,78.47040052270269,17.669295661346816,,,
residential,78.36909980604095,17.683126183232144,,,
residential,78.45358975094557,17.69620042717993,,,
residential,78.28245131863746,17.659712241375914,,,
residential,78.28280452184791,17.74039906556104,,,
residential,78.2852603182922,17.732264512169287,,,
residential,78.28423818670933,17.736765255083267,,,
residential,78.27970355020172,17.741073147011,,,
residential,78.2973187196973,17.74524953703326,,,
residential,78.42255388729984,17.844779425144992,,,
residential,78.39839427874257,17.72465017832961,,,
residential,78.39619895262172,17.722201571389313,,,
residential,78.51730508742351,17.14202366704424,,,
residential,78.52686239365886,17.146446337491145,,,
residential,78.58325213148046,17.148308978714137,,,
residential,78.60830857098456,17.041159305419576,,,
residential,78.63485291863067,17.04423710582098,,,
residential,78.65086060199212,17.06266431034443,,,
residential,78.62506203115271,17.08629305312903,,,
residential,78.61347991637626,17.08270180708426,,,
residential,78.56104806003312,17.067722662088787,,,
residential,78.572132069198,17.082227626989145,,,
residential,78.57942531929129,17.09318001051015,,,
residential,78.5331860697311,17.11627556587238,,,
residential,78.53102166323103,17.1159814135977,,,
residential,78.50184297070027,17.08370618846785,,,
residential,78.5163686973728,17.138078234708367,,,
residential,78.60212780669414,17.17726565001003,,,
residential,78.64958455794668,17.19463698249188,,,
residential,78.6540516693434,17.18517194460239,,,
residential,78.64672170469652,17.193148361245225,,,
residential,78.6564310446045,17.1890749309619,,,
residential,78.65467576763773,17.177552830273513,,,
residential,78.64607705826407,17.182900580636662,,,
residential,78.64687668352815,17.183992383368654,,,
residential,78.6590967184426,17.186901502284126,,,
residential,78.64450792717884,17.183579191516717,,,
residential,78.64489261944624,17.188525282480544,,,
residential,78.64267794162733,17.185694662650675,,,
residential,78.65122710553575,17.18246556095569,,,
residential,78.65734326119927,17.18069854606744,,,
residential,78.65598430062406,17.19415634435914,,,
residential,78.6463469644628,17.192083397749876,,,
residential,78.50553538997924,17.096859147553648,,,
residential,78.49975104533785,17.096316061987554,,,
residential,78.57260438902938,17.06629433969347,,,
residential,78.57371650659637,17.046096281814723,,,
residential,78.51982722787024,17.136608293113085,,,
residential,78.55632347039163,17.129070520701227,,,
residential,78.68899601700541,17.165472666027757,,,
residential,78.67908618437293,17.175199259565407,,,
residential,78.68714214725468,17.162861135574033,,,
residential,78.61549871194337,17.05046415102561,,,
residential,78.63009184610937,17.101598354932317,,,
residential,78.61642780423395,17.069072949302225,,,
residential,78.59493716704716,17.07204417067303,,,
residential,78.7279284268505,17.160366885213676,,,
residential,78.74426851930531,17.16992997787499,,,
residential,78.7221355062638,17.157140442121808,,,
residential,78.67373375713939,17.136080051702827,,,
residential,78.55391085133826,17.11131505118439,,,
residential,78.55339103102511,17.108512056740484,,,
residential,78.58186916607741,17.12772411265885,,,
residential,78.6162833247332,17.143485499117798,,,
residential,78.61936251172723,17.152458231608396,,,
residential,78.59304108514229,17.14406226656706,,,
residential,78.612933838666,17.157642896622914,,,
residential,78.54422511100744,17.100525386639795,,,
residential,78.5967744709235,17.00140652182977,,,
residential,78.6876210542416,17.022773137101886,,,
residential,78.67940222906981,17.023062222054982,,,
residential,78.57353067727193,17.03369563916819,,,
residential,78.66484059144648,17.039808966097684,,,
residential,78.68472228728463,17.012293853891666,,,
residential,78.65524200389919,17.043479073107786,,,
residential,78.58617404375728,17.068192113330845,,,
residential,78.53993320626414,17.050710402605954,,,
residential,78.54415435332304,17.060727925889296,,,
residential,78.57605146192222,17.3670051714141,1.0,2.0,5.0
residential,78.57165273801105,17.36760326097056,13.0,2.0,5.0
residential,78.58621576869322,17.364932189755162,2.0,2.0,4.0
residential,78.58228962102564,17.365327432542838,1.0,2.0,5.0
residential,78.54977203603202,17.19525243462967,,,
residential,78.549771372841,17.191496431992153,,,
residential,78.51640180494891,17.21619927328605,,,
residential,78.51045344038141,17.214808011226648,,,
residential,78.61338239915952,17.191828432079447,,,
residential,78.56825933653633,17.367633492873736,0.0,2.0,0.0
residential,78.56699268220663,17.38010634379272,13.0,2.0,5.0
residential,78.56523519263389,17.412056280921067,14.0,2.0,4.0
residential,78.70644266691906,17.18185501690912,,,
residential,78.60233177390407,17.17655821126846,,,
residential,78.68881655618237,17.217673770313453,,,
residential,78.61962358268131,17.20870971114914,,,
residential,78.64361670451741,17.19456692347444,,,
residential,78.64266186481109,17.18806723322677,,,
residential,78.6569050902386,17.177193176399133,,,
residential,78.64846217418152,17.183610214958797,,,
residential,78.64862638147287,17.180298826399763,,,
residential,78.64268334387829,17.18803077421377,,,
residential,78.64480267809128,17.19469023928777,,,
residential,78.65279389519687,17.20267330670732,,,
residential,78.64328342890838,17.19181194931446,,,
residential,78.65291451922674,17.180955926030226,,,
residential,78.64689820555023,17.191000758891054,,,
residential,78.65507207645457,17.185744934681047,,,
residential,78.65319046506188,17.18853723528939,,,
residential,78.6481296530512,17.18031364396194,,,
residential,78.64309591469835,17.190861301454156,,,
residential,78.71427705730534,17.206702989573717,,,
residential,78.70775633450313,17.222324090037247,,,
residential,78.70609086054125,17.216472296222356,,,
residential,78.61329499568829,17.19093150543347,,,
residential,78.67948923423293,17.176141195999577,,,
residential,78.58407981286841,17.21761963030606,,,
residential,78.59448446103055,17.210326782478656,,,
residential,78.58901519760397,17.232280258843716,,,
residential,78.5021926854247,17.352105558809914,14.0,2.0,0.0
residential,78.5017880747794,17.352535103085728,14.0,2.0,3.0
residential,78.70012940707949,17.363063161152684,,,
residential,78.72419659618078,17.383768431092662,,,
residential,78.73851860552841,17.37606568410569,,,
residential,78.6964434409913,17.335480284442028,,,
residential,78.68637520756646,17.309743360313718,,,
residential,78.71298393179461,17.282900399480532,,,
residential,78.71520300995111,17.284445941592615,,,
residential,78.5272576134012,17.2701206437303,0.0,2.0,0.0
residential,78.5226950059034,17.266670895491835,0.0,0.0,0.0
residential,78.53574333119573,17.281230072908734,2.0,2.0,3.0
residential,78.53420776954664,17.280007944562936,0.0,2.0,3.0
residential,78.52704988806217,17.277846787928432,0.0,2.0,0.0
residential,78.52981147816568,17.27808276542435,11.0,2.0,0.0
residential,78.53497300636496,17.27607997813329,0.0,2.0,3.0
residential,78.5325354780842,17.28836304555254,13.0,2.0,3.0
residential,78.50424512107298,17.280326761507215,2.0,2.0,4.0
residential,78.50320609967275,17.279707921223938,0.0,2.0,0.0
residential,78.67973016235275,17.321632051237415,,,
residential,78.65752806277395,17.408947132541346,,,
residential,78.50051821397999,17.276323650606162,0.0,2.0,0.0
residential,78.57785968735199,17.22931237486601,,,
residential,78.58610056896799,17.411583467798938,1.0,2.0,5.0
residential,78.69942380606336,17.189265039265514,,,
residential,78.73732386784981,17.187551311867285,,,
residential,78.62146447131998,17.39431936842873,,,
residential,78.65605006586804,17.40784065458567,,,
residential,78.56666180759915,17.413020079569,14.0,2.0,5.0
residential,78.57047342500735,17.36886519883958,13.0,2.0,5.0
residential,78.57277141146623,17.372533529874904,13.0,2.0,3.0
residential,78.57063173443039,17.381820800716902,1.0,2.0,3.0
residential,78.5428392625828,17.390035092615005,13.0,2.0,4.0
residential,78.54423568450086,17.391758079094284,1.0,2.0,3.0
residential,78.51832686782875,17.357331569419188,3.0,2.0,0.0
residential,78.58964586289535,17.288727358296903,2.0,2.0,0.0
residential,78.5605169854959,17.343543438530848,13.0,2.0,0.0
residential,78.50639640218425,17.35704853060894,3.0,2.0,0.0
residential,78.55607028701583,17.336597490681978,13.0,2.0,4.0
residential,78.5608598769621,17.342993323897346,1.0,2.0,4.0
residential,78.54891661957542,17.37828673090701,13.0,2.0,3.0
residential,78.53834858750393,17.36926959598166,1.0,2.0,1.0
residential,78.51504455673899,17.37600972685788,13.0,2.0,4.0
residential,78.50680240522871,17.40879349844038,14.0,2.0,4.0
residential,78.52956891528821,17.347439700320635,13.0,2.0,1.0
residential,78.55852432060446,17.3469257211771,23.0,1.0,3.0
residential,78.58833023599631,17.39851982060163,13.0,2.0,3.0
residential,78.53377078655369,17.348531462064976,13.0,2.0,4.0
residential,78.52021722694127,17.358682847325042,14.0,2.0,4.0
residential,78.52339710411111,17.34669846372457,1.0,2.0,1.0
residential,78.53540637434415,17.36360508578043,1.0,2.0,4.0
residential,78.55309431925963,17.33813490413245,1.0,2.0,5.0
residential,78.58580401872953,17.40824170350937,13.0,2.0,5.0
residential,78.55226272636806,17.335951666861277,2.0,2.0,1.0
residential,78.50622860424939,17.40966850561855,14.0,2.0,4.0
residential,78.5502031892496,17.377516213981014,14.0,2.0,4.0
residential,78.5921051167638,17.3233652009966,13.0,2.0,3.0
residential,78.59228128084116,17.32407846951307,2.0,2.0,3.0
residential,78.60692432240451,17.2588291496145,,,
residential,78.56759981976894,17.228816295382675,,,
residential,78.56315731308555,17.355688904539207,13.0,2.0,3.0
residential,78.58316445967645,17.382708760667978,2.0,2.0,3.0
residential,78.53341997335262,17.31753130733237,1.0,2.0,3.0
residential,78.53935798888237,17.36499424675028,1.0,2.0,4.0
residential,78.55316862156856,17.42528945745275,14.0,2.0,4.0
residential,78.49984735007384,17.482141447658364,2.0,2.0,3.0
residential,78.5416339741389,17.427481221474377,14.0,2.0,4.0
residential,78.50033834248066,17.622718547390264,,,
residential,78.48696593519337,17.602437503760168,,,
residential,78.48958634582091,17.6117536525306,,,
residential,78.49898363077435,17.62362100572965,,,
residential,78.49217385791752,17.6121046846039,,,
residential,78.49212057123044,17.610771265501707,,,
residential,78.48934371235583,17.61609772304554,,,
residential,78.50234328109693,17.625362995662616,,,
residential,78.48963501580097,17.60523793093162,,,
residential,78.4904760254566,17.613054097307874,,,
residential,78.49350590384867,17.61317137804214,,,
residential,78.51528932391818,17.42263402827407,1.0,2.0,4.0
residential,78.54849203650429,17.645600926078412,,,
residential,78.53787986416548,17.63691904078593,,,
residential,78.54558206513384,17.643703666845454,,,
residential,78.52406341539634,17.65821692619017,,,
residential,78.52832067397574,17.622136510992092,,,
residential,78.57585281554813,17.595885734686867,,,
residential,78.62598004740316,17.515295389717735,,,
residential,78.63050308610659,17.507284856555188,,,
residential,78.64623577546207,17.510719258706114,,,
residential,78.63461025225173,17.507894309072732,,,
residential,78.5903451491621,17.495656062996158,1.0,2.0,3.0
residential,78.56998362554799,17.48897260498656,2.0,2.0,1.0
residential,78.55551708648636,17.49996284103028,13.0,2.0,5.0
residential,78.65176248794103,17.44118207900981,,,
residential,78.552540312096,17.502775249433007,2.0,2.0,3.0
residential,78.68209791633001,17.50131098060923,,,
residential,78.55672141093058,17.500370191513184,2.0,2.0,0.0
residential,78.64322826367348,17.42912192337812,,,
residential,78.59886411835771,17.424104574116658,13.0,2.0,3.0
residential,78.6490889861761,17.464039861154347,,,
residential,78.56715725968607,17.422771526859332,1.0,2.0,3.0
residential,78.56771765106402,17.420512134645502,13.0,2.0,3.0
residential,78.56856920294668,17.425982821008134,1.0,1.0,3.0
residential,78.51424690251717,17.42248321063297,14.0,2.0,4.0
residential,78.56862198026381,17.441722294452866,1.0,2.0,4.0
residential,78.60761070805171,17.481815410538157,,,
residential,78.60787156477791,17.483996823758716,,,
residential,78.50767836599474,17.49080677335665,13.0,2.0,4.0
residential,78.55836657388984,17.493635842306656,13.0,2.0,3.0
residential,78.64331435163265,17.431403455975726,,,
residential,78.63424661397625,17.45149989720683,,,
residential,78.58001618768883,17.44460683844728,13.0,2.0,4.0
residential,78.50950552161818,17.60816816805742,,,
residential,78.64782655000712,17.43846847426358,,,
residential,78.53379472366507,17.428414867850822,14.0,2.0,4.0
residential,78.6496835255042,17.436198299440363,,,
residential,78.51406629874624,17.5334410045974,,,
residential,78.51520031250763,17.54013171921537,,,
residential,78.56946257885552,17.482038966986902,13.0,2.0,3.0
residential,78.51626071372999,17.51073236065364,13.0,2.0,4.0
residential,78.57418756043754,17.44728395407499,3.0,2.0,1.0
residential,78.50659868304189,17.422168345641595,14.0,2.0,4.0
residential,78.5078765762866,17.44403365471842,14.0,2.0,4.0
residential,78.54394944405314,17.42509316955494,13.0,1.0,4.0
residential,78.57851519764519,17.49055382609542,13.0,2.0,1.0
residential,78.6465377014799,17.437035759009355,,,
residential,78.50214540673295,17.44965650771502,14.0,2.0,4.0
residential,78.57593787590362,17.495552337804405,2.0,2.0,3.0
residential,78.58288597691585,17.49737954549732,2.0,2.0,0.0
residential,78.58652888340546,17.494312796458527,2.0,2.0,0.0
residential,78.50425312541749,17.56079963477426,,,
residential,78.59907686080551,17.81589987670371,,,
residential,78.63970663884433,17.79377838678024,,,
residential,78.63350198165085,17.78941059400438,,,
residential,78.52500989775497,17.658922169533326,,,
residential,78.57118616829901,17.751870391249252,,,
residential,78.55318744229722,17.76745799525504,,,
residential,78.50395731863101,17.756936837545755,,,
residential,78.5480072704577,17.770392035798622,,,
residential,78.50383871370506,17.760589041580218,,,
residential,78.57342766583946,17.756955846542496,,,
residential,78.59154078605584,17.728351543568305,,,
residential,78.60984204298848,17.73660962188151,,,
residential,78.62741176945792,17.742508187002326,,,
residential,78.61677022236555,17.772512817630655,,,
residential,78.59180343633311,17.77421896738046,,,
residential,78.6307417391115,17.774811282347194,,,
residential,78.60249793642717,17.776687536392767,,,
residential,78.56885528541534,17.776937665360553,,,
residential,78.63523572449638,17.766377651231878,,,
residential,78.63480745795758,17.76506571546992,,,
residential,78.66857060856874,17.663935729616608,,,
residential,78.75753916410348,17.138361621959742,,,
residential,78.75759467743123,17.1323089859512,,,
residential,78.7755884288799,17.092105426258072,,,
residential,78.7949842736711,17.093204430752102,,,
residential,78.7980909705698,17.0877004942367,,,
residential,78.77638628527683,17.061142140305954,,,
residential,78.85875219224044,17.265000572143308,,,
residential,78.76210554810983,17.232468198150737,,,
residential,78.8962539835659,17.246732234929873,,,
residential,78.89115993361399,17.25155701022151,,,
residential,78.89393394793316,17.23783422513712,,,
residential,78.88643011764235,17.251582209520517,,,
residential,78.89373599694761,17.254532573391497,,,
residential,78.89455213955556,17.234840074853,,,
residential,78.90004064989175,17.244668725224827,,,
residential,78.88940595003021,17.247859272163772,,,
residential,78.89741751742642,17.258558636652836,,,
residential,78.90269933894801,17.25827776413381,,,
residential,78.88968901041459,17.24673985993559,,,
residential,78.8840820545561,17.25205181080286,,,
residential,78.90487449258315,17.24934430383483,,,
residential,78.88702650515904,17.25280293076516,,,
residential,78.90427196262385,17.249760730801405,,,
residential,78.83435031244622,17.33186381630118,,,
residential,78.91192144240064,17.271110326775226,,,
residential,78.99616237284548,17.30545356647975,,,
residential,78.90157963797239,17.318282454049996,,,
residential,78.83500060285303,17.328982906468042,,,
residential,78.9027600487544,17.299247585334946,,,
residential,78.78719467727356,17.38528077668262,,,
residential,78.86444663004066,17.346543497973542,,,
residential,78.96497901108089,17.31376895734697,,,
residential,78.86611625605921,17.31518269401109,,,
residential,78.81671086446447,17.34594779372219,,,
residential,78.82189667344728,17.344570419777124,,,
residential,78.81761878825147,17.346601089008317,,,
residential,78.88042646058544,17.406354136751197,,,
residential,78.88569980607477,17.228744374366975,,,
residential,78.84614157218866,17.240998023903675,,,
residential,78.83239747045586,17.21327651235824,,,
residential,78.84474699557634,17.24696866383511,,,
residential,78.84755355545896,17.22205251888072,,,
residential,78.84688389772691,17.19649876981487,,,
residential,78.84367063362008,17.25981688623063,,,
residential,78.92082695065737,17.266070798062536,,,
residential,78.84443480258926,17.249121425867365,,,
residential,78.88857790566594,17.22734190010449,,,
residential,78.95252180495949,17.309479334738846,,,
residential,78.96554465270052,17.29904823798451,,,
residential,78.93708496478851,17.26422514342822,,,
residential,78.93249759376916,17.2610465221842,,,
residential,78.99372566972288,17.306154646878674,,,
residential,78.94330761644684,17.255312335859923,,,
residential,78.9516738494675,17.320975226774458,,,
residential,78.95002575267718,17.296491468534075,,,
residential,78.95413035432763,17.23516086728891,,,
residential,78.94822504540936,17.248649897086754,,,
residential,78.95999909357002,17.207056679011608,,,
residential,78.95959078705906,17.214759518914075,,,
residential,78.87881542104802,17.320873918771305,,,
residential,78.87866912972615,17.323510190467506,,,
residential,78.88319078370588,17.3563777654604,,,
residential,78.83441620443456,17.406703229595955,,,
residential,78.8820425467093,17.26668425889103,,,
residential,78.88140778171879,17.260344310365685,,,
residential,78.85598553019564,17.31211191659789,,,
residential,78.8399654398777,17.267341298529747,,,
residential,78.84609561522055,17.301819052922077,,,
residential,78.79655816418938,17.276769485352496,,,
residential,78.80901215834326,17.320862332310707,,,
residential,78.77698614984268,17.342954289457445,,,
residential,78.76491202538132,17.35816919387224,,,
residential,78.92522280542515,17.303567250843198,,,
residential,78.92535388885636,17.306541671195564,,,
residential,78.92977805188008,17.311768261743207,,,
residential,78.9378744854694,17.316414971861274,,,
residential,78.90210238895531,17.313447469141774,,,
residential,78.9227163296231,17.304759659234865,,,
residential,78.89439754828052,17.32619871452293,,,
residential,78.89819752446283,17.348215495490603,,,
residential,78.84738158831027,17.331329433178375,,,
residential,78.84910989239498,17.336813805900768,,,
residential,78.75360272902346,17.206813924528866,,,
residential,78.7507285458901,17.20710841091185,,,
residential,78.83836387444198,17.272414610863088,,,
residential,78.83246467452284,17.275777028447592,,,
residential,78.84956631269777,17.267729998903143,,,
residential,78.79393973114159,17.595843915475292,,,
residential,78.82543227526595,17.422779375824653,,,
residential,78.83833637961632,17.421208479179132,,,
residential,78.82226337781658,17.424309592691884,,,
residential,78.9098018844113,17.42764801302407,,,
residential,78.90867689375331,17.430561399525782,,,
residential,78.90935816729429,17.433603935537395,,,
residential,78.89163579875745,17.442810262505393,,,
residential,78.83747135326576,17.4701093824771,,,
residential,78.7966774843268,17.505433661724513,,,
residential,78.75633400788163,17.538931173245118,,,
